{
  "classname": "CCNode",
  "name": null,
  "canedit": true,
  "objecttag": -1,
  "rotation": 0,
  "scalex": 1,
  "scaley": 1,
  "visible": 1,
  "x": 0,
  "y": 0,
  "zorder": 1,
  "gameobjects": [
    {
      "__type": "ComGameObjectSurrogate:#EditorCommon.JsonModel",
      "classname": "CCNode",
      "name": "BG",
      "canedit": true,
      "objecttag": -1,
      "rotation": 0,
      "scalex": 1,
      "scaley": 1,
      "visible": 1,
      "x": 240,
      "y": 160,
      "zorder": 1,
      "gameobjects": [
        {
          "__type": "ComGameObjectSurrogate:#EditorCommon.JsonModel",
          "classname": "CCNode",
          "name": null,
          "canedit": true,
          "objecttag": -1,
          "rotation": 0,
          "scalex": 1,
          "scaley": 1,
          "visible": 1,
          "x": 0,
          "y": 0,
          "zorder": 1,
          "gameobjects": [],
          "components": [
            {
              "__type": "ComArmatureAdapterSurrogate:#EditorCommon.JsonModel.Component",
              "classname": "CCArmature",
              "name": "CCArmature",
              "file": "",
              "selectedactionname": null
            }
          ]
        }
      ],
      "components": [
        {
          "__type": "ComSpriteSurrogate:#EditorCommon.JsonModel.Component",
          "classname": "CCSprite",
          "name": "CCSprite",
          "file": "img/startMenuBG.png"
        }
      ]
    },
    {
      "__type": "ComGameObjectSurrogate:#EditorCommon.JsonModel",
      "classname": "CCNode",
      "name": "ui",
      "canedit": true,
      "objecttag": -1,
      "rotation": 0,
      "scalex": 1,
      "scaley": 1,
      "visible": 1,
      "x": 0,
      "y": 0,
      "zorder": 1,
      "gameobjects": [],
      "components": [
        {
          "__type": "ComGUIAdapterSurrogate:#EditorCommon.JsonModel.Component",
          "classname": "GUIComponent",
          "name": "GUIComponent",
          "file": "ui/startMenu/startMenu_1.json"
        }
      ]
    },
    {
      "__type": "ComGameObjectSurrogate:#EditorCommon.JsonModel",
      "classname": "CCNode",
      "name": "p_left",
      "canedit": true,
      "objecttag": -1,
      "rotation": 0,
      "scalex": 1,
      "scaley": 1,
      "visible": 1,
      "x": 178,
      "y": 49.5,
      "zorder": 1,
      "gameobjects": [],
      "components": [
        {
          "__type": "ComParticleSystemSurrogate:#EditorCommon.JsonModel.Component",
          "classname": "CCParticleSystemQuad",
          "name": "CCParticleSystemQuad",
          "file": "particle/qipao02.plist"
        }
      ]
    },
    {
      "__type": "ComGameObjectSurrogate:#EditorCommon.JsonModel",
      "classname": "CCNode",
      "name": "p_right",
      "canedit": true,
      "objecttag": -1,
      "rotation": 0,
      "scalex": 1,
      "scaley": 1,
      "visible": 1,
      "x": 293,
      "y": 42.5,
      "zorder": 1,
      "gameobjects": [],
      "components": [
        {
          "__type": "ComParticleSystemSurrogate:#EditorCommon.JsonModel.Component",
          "classname": "CCParticleSystemQuad",
          "name": "CCParticleSystemQuad",
          "file": "particle/qipao01.plist"
        }
      ]
    }
  ],
  "CanvasSize": {
    "_height": 320,
    "_width": 480
  },
  "components": [
    {
      "__type": "ComSceneSurrogate:#EditorCommon.JsonModel.Component",
      "classname": "CCScene",
      "name": "CCScene",
      "scenename": "FishJoy2"
    },
    {
      "__type": "ComSimpleAudioSurrogate:#EditorCommon.JsonModel.Component",
      "classname": "CCBackgroundAudio",
      "name": "CCBackgroundAudio",
      "file": null,
      "loop": 0
    }
  ]
}