{
  "armature_data": [
    {
      "name": "Cowboy",
      "bone_data": [
        {
          "name": "Layer122",
          "parent": "",
          "x": 153.758179,
          "y": -136.24736,
          "z": 8,
          "cX": 1.0,
          "cY": 1.0,
          "kX": 1.77311766,
          "kY": -1.77311766,
          "arrow_x": 159.24824523925781,
          "arrow_y": -5.4955482482910156E-05,
          "effectbyskeleton": true,
          "display_data": [
            {
              "displayType": 0,
              "name": "testAnimationResource\\6.png"
            }
          ]
        },
        {
          "name": "Layer120",
          "parent": "Layer122",
          "x": 130.042145,
          "y": 0.5020694,
          "z": 12,
          "cX": 1.0,
          "cY": 1.0,
          "kX": -1.07267725,
          "kY": 1.07267725,
          "arrow_x": 129.76908874511719,
          "arrow_y": 0.00012296438217163086,
          "effectbyskeleton": true,
          "display_data": [
            {
              "displayType": 0,
              "name": "testAnimationResource\\1.png"
            }
          ]
        },
        {
          "name": "Layer136",
          "parent": "Layer122",
          "x": 190.6831,
          "y": 15.7477789,
          "z": 11,
          "cX": 0.99999994,
          "cY": 0.99999994,
          "kX": 2.07826424,
          "kY": -2.07826424,
          "arrow_x": 218.00926208496094,
          "arrow_y": -0.00016832351684570313,
          "effectbyskeleton": true,
          "display_data": [
            {
              "displayType": 0,
              "name": "testAnimationResource\\hat.png"
            }
          ]
        },
        {
          "name": "Layer132",
          "parent": "Layer122",
          "x": 81.7343,
          "y": -8.024636,
          "z": 9,
          "cX": 1.0,
          "cY": 1.0,
          "kX": -1.24482691,
          "kY": 1.24482691,
          "arrow_x": 149.893310546875,
          "arrow_y": 0.00013315677642822266,
          "effectbyskeleton": true,
          "display_data": [
            {
              "displayType": 0,
              "name": "testAnimationResource\\2.png"
            }
          ]
        },
        {
          "name": "Layer134",
          "parent": "Layer132",
          "x": 42.4779167,
          "y": 1.8689754,
          "z": 10,
          "cX": 1.0,
          "cY": 1.0,
          "kX": -1.53235376,
          "kY": 1.53235376,
          "arrow_x": 52.0384407043457,
          "arrow_y": 0.00011538714170455933,
          "effectbyskeleton": true,
          "display_data": [
            {
              "displayType": 0,
              "name": "testAnimationResource\\7.png"
            }
          ]
        },
        {
          "name": "Layer128",
          "parent": "Layer122",
          "x": 67.3594,
          "y": -0.3991896,
          "z": 6,
          "cX": 0.99999994,
          "cY": 0.99999994,
          "kX": 4.2978816,
          "kY": -4.2978816,
          "arrow_x": 163.87800598144531,
          "arrow_y": 4.2319297790527344E-06,
          "effectbyskeleton": true,
          "display_data": [
            {
              "displayType": 0,
              "name": "testAnimationResource\\5.png"
            }
          ]
        },
        {
          "name": "Layer130",
          "parent": "Layer128",
          "x": 42.97821,
          "y": -7.487281,
          "z": 7,
          "cX": 1.0,
          "cY": 1.0,
          "kX": 4.37141037,
          "kY": -4.37141037,
          "arrow_x": 65.787544250488281,
          "arrow_y": 1.7225742340087891E-05,
          "effectbyskeleton": true,
          "display_data": [
            {
              "displayType": 0,
              "name": "testAnimationResource\\4.png"
            }
          ]
        },
        {
          "name": "Layer124",
          "parent": "Layer122",
          "x": 54.55361,
          "y": 2.43650365,
          "z": 4,
          "cX": 0.9999999,
          "cY": 0.9999999,
          "kX": 4.098619,
          "kY": -4.098619,
          "arrow_x": 107.64750671386719,
          "arrow_y": -4.76837158203125E-07,
          "effectbyskeleton": true,
          "display_data": [
            {
              "displayType": 0,
              "name": "testAnimationResource\\8.png"
            }
          ]
        },
        {
          "name": "Layer126",
          "parent": "Layer124",
          "x": 175.160461,
          "y": 4.24262,
          "z": 5,
          "cX": 1.0,
          "cY": 1.0,
          "kX": 1.42889869,
          "kY": -1.42889869,
          "arrow_x": 282.84274291992188,
          "arrow_y": -2.6226043701171875E-05,
          "effectbyskeleton": true,
          "display_data": [
            {
              "displayType": 0,
              "name": "testAnimationResource\\3.png"
            }
          ]
        },
        {
          "name": "Layer142",
          "parent": "",
          "x": 0.0,
          "y": 0.0,
          "z": 3,
          "cX": 1.0,
          "cY": 1.0,
          "kX": 0.0,
          "kY": 0.0,
          "arrow_x": 0.0,
          "arrow_y": 0.0,
          "effectbyskeleton": false,
          "display_data": [
            {
              "displayType": 0,
              "name": "25.png"
            }
          ]
        },
        {
          "name": "Layer142_clone1",
          "parent": "",
          "x": 0.0,
          "y": 0.0,
          "z": 2,
          "cX": 1.0,
          "cY": 1.0,
          "kX": 0.0,
          "kY": 0.0,
          "arrow_x": 0.0,
          "arrow_y": 0.0,
          "effectbyskeleton": false,
          "display_data": [
            {
              "displayType": 0,
              "name": "25.png"
            }
          ]
        },
        {
          "name": "Layer142_clone1_clone2",
          "parent": "",
          "x": 0.0,
          "y": 0.0,
          "z": 1,
          "cX": 1.0,
          "cY": 1.0,
          "kX": 0.0,
          "kY": 0.0,
          "arrow_x": 0.0,
          "arrow_y": 0.0,
          "effectbyskeleton": false,
          "display_data": [
            {
              "displayType": 0,
              "name": "25.png"
            }
          ]
        }
      ]
    }
  ],
  "animation_data": [
    {
      "name": "Cowboy",
      "mov_data": [
        {
          "name": "Walk",
          "dr": 41,
          "lp": true,
          "to": 0,
          "drTW": 0,
          "twE": 0,
          "mov_bone_data": [
            {
              "name": "Layer120",
              "dl": 0.0,
              "sc": 1.0,
              "frame_data": [
                {
                  "twE": 0,
                  "dr": 11,
                  "dI": 0,
                  "x": 93.74072,
                  "y": -160.102158,
                  "z": 12,
                  "cX": 0.99999994,
                  "cY": 1.0,
                  "kX": 3.11565661,
                  "kY": -3.11565661
                },
                {
                  "twE": 0,
                  "dr": 10,
                  "dI": 0,
                  "x": 93.74072,
                  "y": -160.102158,
                  "z": 12,
                  "cX": 0.99999994,
                  "cY": 1.0,
                  "kX": 3.445764,
                  "kY": -3.445764
                },
                {
                  "twE": 0,
                  "dr": 10,
                  "dI": 0,
                  "x": 93.74072,
                  "y": -160.0,
                  "z": 12,
                  "cX": 0.99999994,
                  "cY": 1.0,
                  "kX": 3.08057213,
                  "kY": -3.08057213
                },
                {
                  "twE": 0,
                  "dr": 9,
                  "dI": 0,
                  "x": 93.74072,
                  "y": -160.0,
                  "z": 12,
                  "cX": 0.99999994,
                  "cY": 1.0,
                  "kX": 2.58229041,
                  "kY": -2.58229041
                },
                {
                  "twE": 0,
                  "dr": 1,
                  "dI": 0,
                  "x": 93.74072,
                  "y": -160.102158,
                  "z": 12,
                  "cX": 0.99999994,
                  "cY": 1.0,
                  "kX": 3.11565661,
                  "kY": -3.11565661
                }
              ]
            },
            {
              "name": "Layer122",
              "dl": 0.0,
              "sc": 1.0,
              "frame_data": [
                {
                  "twE": 0,
                  "dr": 10,
                  "dI": 0,
                  "x": 102.428612,
                  "y": -120.0,
                  "z": 8,
                  "cX": 1.0,
                  "cY": 1.0,
                  "kX": -1.727876,
                  "kY": 1.727876
                },
                {
                  "twE": 0,
                  "dr": 10,
                  "dI": 0,
                  "x": 102.428612,
                  "y": -150.0,
                  "z": 8,
                  "cX": 1.0,
                  "cY": 1.0,
                  "kX": -1.727876,
                  "kY": 1.727876
                },
                {
                  "twE": 0,
                  "dr": 10,
                  "dI": 0,
                  "x": 102.428612,
                  "y": -100.0,
                  "z": 8,
                  "cX": 1.0,
                  "cY": 1.0,
                  "kX": -1.727876,
                  "kY": 1.727876
                },
                {
                  "twE": 0,
                  "dr": 10,
                  "dI": 0,
                  "x": 102.428612,
                  "y": -150.0,
                  "z": 8,
                  "cX": 1.0,
                  "cY": 1.0,
                  "kX": -1.727876,
                  "kY": 1.727876
                },
                {
                  "twE": 0,
                  "dr": 1,
                  "dI": 0,
                  "x": 102.428612,
                  "y": -120.0,
                  "z": 8,
                  "cX": 1.0,
                  "cY": 1.0,
                  "kX": -1.727876,
                  "kY": 1.727876
                }
              ]
            },
            {
              "name": "Layer124",
              "dl": 0.0,
              "sc": 1.0,
              "frame_data": [
                {
                  "twE": 0,
                  "dr": 11,
                  "dI": 0,
                  "x": 125.6905,
                  "y": 35.4667,
                  "z": 4,
                  "cX": 1.0,
                  "cY": 0.9999999,
                  "kX": 3.56047177,
                  "kY": -3.56047177
                },
                {
                  "twE": 0,
                  "dr": 10,
                  "dI": 0,
                  "x": 125.6905,
                  "y": 35.4667,
                  "z": 4,
                  "cX": 1.0,
                  "cY": 0.9999999,
                  "kX": 2.77418852,
                  "kY": -2.77418852
                },
                {
                  "twE": 0,
                  "dr": 10,
                  "dI": 0,
                  "x": 125.6905,
                  "y": 35.4667,
                  "z": 4,
                  "cX": 1.0,
                  "cY": 0.9999999,
                  "kX": 3.816521,
                  "kY": -3.816521
                },
                {
                  "twE": 0,
                  "dr": 9,
                  "dI": 0,
                  "x": 125.6905,
                  "y": 35.4667,
                  "z": 4,
                  "cX": 1.0,
                  "cY": 0.9999999,
                  "kX": 4.363323,
                  "kY": -4.363323
                },
                {
                  "twE": 0,
                  "dr": 1,
                  "dI": 0,
                  "x": 125.6905,
                  "y": 35.4667,
                  "z": 4,
                  "cX": 1.0,
                  "cY": 0.9999999,
                  "kX": 3.56047177,
                  "kY": -3.56047177
                }
              ]
            },
            {
              "name": "Layer126",
              "dl": 0.0,
              "sc": 1.0,
              "frame_data": [
                {
                  "twE": 0,
                  "dr": 11,
                  "dI": 0,
                  "x": 135.402374,
                  "y": -8.705666,
                  "z": 5,
                  "cX": 1.000003,
                  "cY": 0.99999696,
                  "kX": -5.2091465,
                  "kY": 5.2091465
                },
                {
                  "twE": 0,
                  "dr": 10,
                  "dI": 0,
                  "x": 135.402374,
                  "y": -8.705666,
                  "z": 5,
                  "cX": 1.000003,
                  "cY": 0.99999696,
                  "kX": -4.36547661,
                  "kY": 4.36547661
                },
                {
                  "twE": 0,
                  "dr": 10,
                  "dI": 0,
                  "x": 135.402374,
                  "y": -8.705666,
                  "z": 5,
                  "cX": 1.000003,
                  "cY": 0.99999696,
                  "kX": -5.474571,
                  "kY": 5.474571
                },
                {
                  "twE": 0,
                  "dr": 9,
                  "dI": 0,
                  "x": 135.402374,
                  "y": -8.705666,
                  "z": 5,
                  "cX": 1.000003,
                  "cY": 0.99999696,
                  "kX": -5.70722675,
                  "kY": 5.70722675
                },
                {
                  "twE": 0,
                  "dr": 1,
                  "dI": 0,
                  "x": 135.402374,
                  "y": -8.705666,
                  "z": 5,
                  "cX": 1.000003,
                  "cY": 0.99999696,
                  "kX": -5.2091465,
                  "kY": 5.2091465
                }
              ]
            },
            {
              "name": "Layer128",
              "dl": 0.0,
              "sc": 1.0,
              "frame_data": [
                {
                  "twE": 0,
                  "dr": 11,
                  "dI": 0,
                  "x": 16.8793049,
                  "y": 2.662511,
                  "z": 6,
                  "cX": 1.0,
                  "cY": 0.9999999,
                  "kX": 3.58488655,
                  "kY": -3.58488655
                },
                {
                  "twE": 0,
                  "dr": 10,
                  "dI": 0,
                  "x": 16.8793049,
                  "y": 2.662511,
                  "z": 6,
                  "cX": 1.0,
                  "cY": 0.9999999,
                  "kX": 3.87310266,
                  "kY": -3.87310266
                },
                {
                  "twE": 0,
                  "dr": 10,
                  "dI": 0,
                  "x": 16.8793049,
                  "y": 2.662511,
                  "z": 6,
                  "cX": 1.0,
                  "cY": 0.9999999,
                  "kX": 3.13367224,
                  "kY": -3.13367224
                },
                {
                  "twE": 0,
                  "dr": 9,
                  "dI": 0,
                  "x": 16.8793049,
                  "y": 2.662511,
                  "z": 6,
                  "cX": 1.0,
                  "cY": 0.9999999,
                  "kX": 2.48314548,
                  "kY": -2.48314548
                },
                {
                  "twE": 0,
                  "dr": 1,
                  "dI": 0,
                  "x": 16.8793049,
                  "y": 2.662511,
                  "z": 6,
                  "cX": 1.0,
                  "cY": 0.9999999,
                  "kX": 3.58488655,
                  "kY": -3.58488655
                }
              ]
            },
            {
              "name": "Layer130",
              "dl": 0.0,
              "sc": 1.0,
              "frame_data": [
                {
                  "twE": 0,
                  "dr": 11,
                  "dI": 0,
                  "x": 180.353775,
                  "y": 7.249966,
                  "z": 7,
                  "cX": 1.0,
                  "cY": 1.0,
                  "kX": -0.628318548,
                  "kY": 0.628318548
                },
                {
                  "twE": 0,
                  "dr": 10,
                  "dI": 0,
                  "x": 180.353775,
                  "y": 7.249966,
                  "z": 7,
                  "cX": 1.0,
                  "cY": 1.0,
                  "kX": -0.0008868128,
                  "kY": 0.0008868128
                },
                {
                  "twE": 0,
                  "dr": 10,
                  "dI": 0,
                  "x": 180.353775,
                  "y": 7.249966,
                  "z": 7,
                  "cX": 1.0,
                  "cY": 1.0,
                  "kX": 0.0,
                  "kY": 0.0
                },
                {
                  "twE": 0,
                  "dr": 9,
                  "dI": 0,
                  "x": 180.353775,
                  "y": 7.249966,
                  "z": 7,
                  "cX": 1.0,
                  "cY": 1.0,
                  "kX": -0.628318548,
                  "kY": 0.628318548
                },
                {
                  "twE": 0,
                  "dr": 1,
                  "dI": 0,
                  "x": 180.353775,
                  "y": 7.249966,
                  "z": 7,
                  "cX": 1.0,
                  "cY": 1.0,
                  "kX": -0.628318548,
                  "kY": 0.628318548
                }
              ]
            },
            {
              "name": "Layer132",
              "dl": 0.0,
              "sc": 1.0,
              "frame_data": [
                {
                  "twE": 0,
                  "dr": 11,
                  "dI": 0,
                  "x": -0.753498852,
                  "y": -73.34462,
                  "z": 9,
                  "cX": 1.0,
                  "cY": 1.0,
                  "kX": 3.3331213,
                  "kY": -3.3331213
                },
                {
                  "twE": 0,
                  "dr": 10,
                  "dI": 0,
                  "x": -0.753498852,
                  "y": -73.34462,
                  "z": 9,
                  "cX": 1.0,
                  "cY": 1.0,
                  "kX": 2.65962029,
                  "kY": -2.65962029
                },
                {
                  "twE": 0,
                  "dr": 10,
                  "dI": 0,
                  "x": -0.753498852,
                  "y": -73.34462,
                  "z": 9,
                  "cX": 1.0,
                  "cY": 1.0,
                  "kX": 3.82285953,
                  "kY": -3.82285953
                },
                {
                  "twE": 0,
                  "dr": 9,
                  "dI": 0,
                  "x": -0.753498852,
                  "y": -73.34462,
                  "z": 9,
                  "cX": 1.0,
                  "cY": 1.0,
                  "kX": 4.09853935,
                  "kY": -4.09853935
                },
                {
                  "twE": 0,
                  "dr": 1,
                  "dI": 0,
                  "x": -0.753498852,
                  "y": -73.34462,
                  "z": 9,
                  "cX": 1.0,
                  "cY": 1.0,
                  "kX": 3.3331213,
                  "kY": -3.3331213
                }
              ]
            },
            {
              "name": "Layer134",
              "dl": 0.0,
              "sc": 1.0,
              "frame_data": [
                {
                  "twE": 0,
                  "dr": 11,
                  "dI": 0,
                  "x": 195.8125,
                  "y": 25.1417618,
                  "z": 10,
                  "cX": 0.9999986,
                  "cY": 1.00000119,
                  "kX": 0.08726646,
                  "kY": -0.08726646
                },
                {
                  "twE": 0,
                  "dr": 10,
                  "dI": 0,
                  "x": 195.8125,
                  "y": 25.1417618,
                  "z": 10,
                  "cX": 0.9999986,
                  "cY": 1.00000119,
                  "kX": -0.0101201534,
                  "kY": 0.0101201534
                },
                {
                  "twE": 0,
                  "dr": 10,
                  "dI": 0,
                  "x": 195.8125,
                  "y": 25.1417618,
                  "z": 10,
                  "cX": 0.9999986,
                  "cY": 1.00000119,
                  "kX": -1.22208679,
                  "kY": 1.22208679
                },
                {
                  "twE": 0,
                  "dr": 9,
                  "dI": 0,
                  "x": 195.8125,
                  "y": 25.1417618,
                  "z": 10,
                  "cX": 0.9999986,
                  "cY": 1.00000119,
                  "kX": -0.367913127,
                  "kY": 0.367913127
                },
                {
                  "twE": 0,
                  "dr": 1,
                  "dI": 0,
                  "x": 195.8125,
                  "y": 25.1417618,
                  "z": 10,
                  "cX": 0.9999986,
                  "cY": 1.00000119,
                  "kX": 0.08726646,
                  "kY": -0.08726646
                }
              ]
            },
            {
              "name": "Layer136",
              "dl": 0.0,
              "sc": 1.0,
              "frame_data": [
                {
                  "twE": 0,
                  "dr": 11,
                  "dI": 0,
                  "x": 232.442413,
                  "y": -31.3472137,
                  "z": 11,
                  "cX": 0.99999994,
                  "cY": 1.0,
                  "kX": 0.0174532924,
                  "kY": -0.0174532924
                },
                {
                  "twE": 0,
                  "dr": 10,
                  "dI": 0,
                  "x": 232.442413,
                  "y": -31.3472137,
                  "z": 11,
                  "cX": 0.99999994,
                  "cY": 1.0,
                  "kX": -0.158511,
                  "kY": 0.158511
                },
                {
                  "twE": 0,
                  "dr": 10,
                  "dI": 0,
                  "x": 232.442413,
                  "y": -31.3472137,
                  "z": 11,
                  "cX": 0.99999994,
                  "cY": 1.0,
                  "kX": -0.0138271507,
                  "kY": 0.0138271507
                },
                {
                  "twE": 0,
                  "dr": 9,
                  "dI": 0,
                  "x": 232.442413,
                  "y": -31.3472137,
                  "z": 11,
                  "cX": 0.99999994,
                  "cY": 1.0,
                  "kX": -0.157079637,
                  "kY": 0.157079637
                },
                {
                  "twE": 0,
                  "dr": 1,
                  "dI": 0,
                  "x": 232.442413,
                  "y": -31.3472137,
                  "z": 11,
                  "cX": 0.99999994,
                  "cY": 1.0,
                  "kX": 0.0174532924,
                  "kY": -0.0174532924
                }
              ]
            }
          ]
        },
        {
          "name": "FireMax",
          "dr": 71,
          "lp": true,
          "to": 0,
          "drTW": 0,
          "twE": 0,
          "mov_bone_data": [
            {
              "name": "Layer120",
              "dl": 0.0,
              "sc": 1.0,
              "frame_data": [
                {
                  "twE": 0,
                  "dr": 10,
                  "dI": 0,
                  "x": 93.74072,
                  "y": -160.102158,
                  "z": 12,
                  "cX": 0.99999994,
                  "cY": 1.0,
                  "kX": 2.984513,
                  "kY": -2.984513
                },
                {
                  "twE": 0,
                  "dr": 5,
                  "dI": 0,
                  "x": 93.74072,
                  "y": -160.102158,
                  "z": 12,
                  "cX": 0.99999994,
                  "cY": 1.0,
                  "kX": 2.98236132,
                  "kY": -2.98236132
                },
                {
                  "twE": 0,
                  "dr": 5,
                  "dI": 0,
                  "x": 93.74072,
                  "y": -160.102158,
                  "z": 12,
                  "cX": 0.99999994,
                  "cY": 1.0,
                  "kX": 2.98236132,
                  "kY": -2.98236132
                },
                {
                  "twE": 0,
                  "dr": 10,
                  "dI": 0,
                  "x": 93.74072,
                  "y": -160.102158,
                  "z": 12,
                  "cX": 0.99999994,
                  "cY": 1.0,
                  "kX": 2.982423,
                  "kY": -2.982423
                },
                {
                  "twE": 0,
                  "dr": 10,
                  "dI": 0,
                  "x": 93.74072,
                  "y": -160.102158,
                  "z": 12,
                  "cX": 0.99999994,
                  "cY": 1.0,
                  "kX": 2.98236132,
                  "kY": -2.98236132
                },
                {
                  "twE": 0,
                  "dr": 10,
                  "dI": 0,
                  "x": 93.74072,
                  "y": -160.102158,
                  "z": 12,
                  "cX": 0.99999994,
                  "cY": 1.0,
                  "kX": 2.982423,
                  "kY": -2.982423
                },
                {
                  "twE": 0,
                  "dr": 10,
                  "dI": 0,
                  "x": 93.74072,
                  "y": -160.102158,
                  "z": 12,
                  "cX": 0.99999994,
                  "cY": 1.0,
                  "kX": 2.98261952,
                  "kY": -2.98261952
                },
                {
                  "twE": 0,
                  "dr": 10,
                  "dI": 0,
                  "x": 93.74072,
                  "y": -160.102158,
                  "z": 12,
                  "cX": 0.99999994,
                  "cY": 1.0,
                  "kX": 2.984513,
                  "kY": -2.984513
                },
                {
                  "twE": 0,
                  "dr": 1,
                  "dI": 0,
                  "x": 93.74072,
                  "y": -160.102158,
                  "z": 12,
                  "cX": 0.99999994,
                  "cY": 1.0,
                  "kX": 2.984513,
                  "kY": -2.984513
                }
              ]
            },
            {
              "name": "Layer122",
              "dl": 0.0,
              "sc": 1.0,
              "frame_data": [
                {
                  "twE": 0,
                  "dr": 10,
                  "dI": 0,
                  "x": 102.428612,
                  "y": -110.0,
                  "z": 8,
                  "cX": 1.0,
                  "cY": 1.0,
                  "kX": -1.727876,
                  "kY": 1.727876
                },
                {
                  "twE": 0,
                  "dr": 5,
                  "dI": 0,
                  "x": 102.428612,
                  "y": -110.0,
                  "z": 8,
                  "cX": 1.0,
                  "cY": 1.0,
                  "kX": -1.727876,
                  "kY": 1.727876
                },
                {
                  "twE": 0,
                  "dr": 5,
                  "dI": 0,
                  "x": 102.428612,
                  "y": -110.0,
                  "z": 8,
                  "cX": 1.0,
                  "cY": 1.0,
                  "kX": -1.727876,
                  "kY": 1.727876
                },
                {
                  "twE": 0,
                  "dr": 10,
                  "dI": 0,
                  "x": 102.428612,
                  "y": -110.0,
                  "z": 8,
                  "cX": 1.0,
                  "cY": 1.0,
                  "kX": -1.727876,
                  "kY": 1.727876
                },
                {
                  "twE": 0,
                  "dr": 10,
                  "dI": 0,
                  "x": 102.428612,
                  "y": -110.0,
                  "z": 8,
                  "cX": 1.0,
                  "cY": 1.0,
                  "kX": -1.727876,
                  "kY": 1.727876
                },
                {
                  "twE": 0,
                  "dr": 10,
                  "dI": 0,
                  "x": 102.428612,
                  "y": -110.0,
                  "z": 8,
                  "cX": 1.0,
                  "cY": 1.0,
                  "kX": -1.727876,
                  "kY": 1.727876
                },
                {
                  "twE": 0,
                  "dr": 10,
                  "dI": 0,
                  "x": 102.428612,
                  "y": -110.0,
                  "z": 8,
                  "cX": 1.0,
                  "cY": 1.0,
                  "kX": -1.727876,
                  "kY": 1.727876
                },
                {
                  "twE": 0,
                  "dr": 10,
                  "dI": 0,
                  "x": 102.428612,
                  "y": -110.0,
                  "z": 8,
                  "cX": 1.0,
                  "cY": 1.0,
                  "kX": -1.727876,
                  "kY": 1.727876
                },
                {
                  "twE": 0,
                  "dr": 1,
                  "dI": 0,
                  "x": 102.428612,
                  "y": -110.0,
                  "z": 8,
                  "cX": 1.0,
                  "cY": 1.0,
                  "kX": -1.727876,
                  "kY": 1.727876
                }
              ]
            },
            {
              "name": "Layer124",
              "dl": 0.0,
              "sc": 1.0,
              "frame_data": [
                {
                  "twE": 0,
                  "dr": 10,
                  "dI": 0,
                  "x": 125.6905,
                  "y": 35.4667,
                  "z": 4,
                  "cX": 1.0,
                  "cY": 0.9999999,
                  "kX": 4.486551,
                  "kY": -4.486551
                },
                {
                  "twE": 0,
                  "dr": 5,
                  "dI": 0,
                  "x": 125.6905,
                  "y": 35.4667,
                  "z": 4,
                  "cX": 1.0,
                  "cY": 0.9999999,
                  "kX": 4.486551,
                  "kY": -4.486551
                },
                {
                  "twE": 0,
                  "dr": 5,
                  "dI": 0,
                  "x": 125.6905,
                  "y": 35.4667,
                  "z": 4,
                  "cX": 1.0,
                  "cY": 0.9999999,
                  "kX": 4.486551,
                  "kY": -4.486551
                },
                {
                  "twE": 0,
                  "dr": 10,
                  "dI": 0,
                  "x": 125.6905,
                  "y": 35.4667,
                  "z": 4,
                  "cX": 1.0,
                  "cY": 0.9999999,
                  "kX": 4.486551,
                  "kY": -4.486551
                },
                {
                  "twE": 0,
                  "dr": 10,
                  "dI": 0,
                  "x": 125.6905,
                  "y": 35.4667,
                  "z": 4,
                  "cX": 1.0,
                  "cY": 0.9999999,
                  "kX": 4.486551,
                  "kY": -4.486551
                },
                {
                  "twE": 0,
                  "dr": 10,
                  "dI": 0,
                  "x": 125.6905,
                  "y": 35.4667,
                  "z": 4,
                  "cX": 1.0,
                  "cY": 0.9999999,
                  "kX": 4.486551,
                  "kY": -4.486551
                },
                {
                  "twE": 0,
                  "dr": 10,
                  "dI": 0,
                  "x": 125.6905,
                  "y": 35.4667,
                  "z": 4,
                  "cX": 1.0,
                  "cY": 0.9999999,
                  "kX": 4.486551,
                  "kY": -4.486551
                },
                {
                  "twE": 0,
                  "dr": 10,
                  "dI": 0,
                  "x": 125.6905,
                  "y": 35.4667,
                  "z": 4,
                  "cX": 1.0,
                  "cY": 0.9999999,
                  "kX": 4.486551,
                  "kY": -4.486551
                },
                {
                  "twE": 0,
                  "dr": 1,
                  "dI": 0,
                  "x": 125.6905,
                  "y": 35.4667,
                  "z": 4,
                  "cX": 1.0,
                  "cY": 0.9999999,
                  "kX": 4.486551,
                  "kY": -4.486551
                }
              ]
            },
            {
              "name": "Layer126",
              "dl": 0.0,
              "sc": 1.0,
              "frame_data": [
                {
                  "twE": 0,
                  "dr": 10,
                  "dI": 0,
                  "x": 135.402374,
                  "y": -8.705666,
                  "z": 5,
                  "cX": 1.000003,
                  "cY": 0.99999696,
                  "kX": -4.36547661,
                  "kY": 4.36547661
                },
                {
                  "twE": 0,
                  "dr": 5,
                  "dI": 0,
                  "x": 135.402374,
                  "y": -8.705666,
                  "z": 5,
                  "cX": 1.000003,
                  "cY": 0.99999696,
                  "kX": -5.87140751,
                  "kY": 5.87140751
                },
                {
                  "twE": 0,
                  "dr": 5,
                  "dI": 0,
                  "x": 135.402374,
                  "y": -8.705666,
                  "z": 5,
                  "cX": 1.000003,
                  "cY": 0.99999696,
                  "kX": -5.87140751,
                  "kY": 5.87140751
                },
                {
                  "twE": 0,
                  "dr": 10,
                  "dI": 0,
                  "x": 135.402374,
                  "y": -8.705666,
                  "z": 5,
                  "cX": 1.000003,
                  "cY": 0.99999696,
                  "kX": -5.38321924,
                  "kY": 5.38321924
                },
                {
                  "twE": 0,
                  "dr": 10,
                  "dI": 0,
                  "x": 135.402374,
                  "y": -8.705666,
                  "z": 5,
                  "cX": 1.000003,
                  "cY": 0.99999696,
                  "kX": -5.87140751,
                  "kY": 5.87140751
                },
                {
                  "twE": 0,
                  "dr": 10,
                  "dI": 0,
                  "x": 135.402374,
                  "y": -8.705666,
                  "z": 5,
                  "cX": 1.000003,
                  "cY": 0.99999696,
                  "kX": -5.38321924,
                  "kY": 5.38321924
                },
                {
                  "twE": 0,
                  "dr": 10,
                  "dI": 0,
                  "x": 135.402374,
                  "y": -8.705666,
                  "z": 5,
                  "cX": 1.000003,
                  "cY": 0.99999696,
                  "kX": -5.867147,
                  "kY": 5.867147
                },
                {
                  "twE": 0,
                  "dr": 10,
                  "dI": 0,
                  "x": 135.402374,
                  "y": -8.705666,
                  "z": 5,
                  "cX": 1.000003,
                  "cY": 0.99999696,
                  "kX": -3.96622348,
                  "kY": 3.96622348
                },
                {
                  "twE": 0,
                  "dr": 1,
                  "dI": 0,
                  "x": 135.402374,
                  "y": -8.705666,
                  "z": 5,
                  "cX": 1.000003,
                  "cY": 0.99999696,
                  "kX": -3.96622348,
                  "kY": 3.96622348
                }
              ]
            },
            {
              "name": "Layer128",
              "dl": 0.0,
              "sc": 1.0,
              "frame_data": [
                {
                  "twE": 0,
                  "dr": 10,
                  "dI": 0,
                  "x": 16.8793049,
                  "y": 2.662511,
                  "z": 6,
                  "cX": 1.0,
                  "cY": 0.9999999,
                  "kX": 3.78736448,
                  "kY": -3.78736448
                },
                {
                  "twE": 0,
                  "dr": 5,
                  "dI": 0,
                  "x": 16.8793049,
                  "y": 2.662511,
                  "z": 6,
                  "cX": 1.0,
                  "cY": 0.9999999,
                  "kX": 3.78736448,
                  "kY": -3.78736448
                },
                {
                  "twE": 0,
                  "dr": 5,
                  "dI": 0,
                  "x": 16.8793049,
                  "y": 2.662511,
                  "z": 6,
                  "cX": 1.0,
                  "cY": 0.9999999,
                  "kX": 3.78736448,
                  "kY": -3.78736448
                },
                {
                  "twE": 0,
                  "dr": 10,
                  "dI": 0,
                  "x": 16.8793049,
                  "y": 2.662511,
                  "z": 6,
                  "cX": 1.0,
                  "cY": 0.9999999,
                  "kX": 3.78857636,
                  "kY": -3.78857636
                },
                {
                  "twE": 0,
                  "dr": 10,
                  "dI": 0,
                  "x": 16.8793049,
                  "y": 2.662511,
                  "z": 6,
                  "cX": 1.0,
                  "cY": 0.9999999,
                  "kX": 3.78736448,
                  "kY": -3.78736448
                },
                {
                  "twE": 0,
                  "dr": 2,
                  "dI": 0,
                  "x": 16.8793049,
                  "y": 2.662511,
                  "z": 6,
                  "cX": 1.0,
                  "cY": 0.9999999,
                  "kX": 3.78857636,
                  "kY": -3.78857636
                },
                {
                  "twE": 0,
                  "dr": 8,
                  "dI": 0,
                  "x": 16.8793049,
                  "y": 2.662511,
                  "z": 6,
                  "cX": 1.0,
                  "cY": 0.9999999,
                  "kX": 3.788334,
                  "kY": -3.788334
                },
                {
                  "twE": 0,
                  "dr": 10,
                  "dI": 0,
                  "x": 16.8793049,
                  "y": 2.662511,
                  "z": 6,
                  "cX": 1.0,
                  "cY": 0.9999999,
                  "kX": 3.78736448,
                  "kY": -3.78736448
                },
                {
                  "twE": 0,
                  "dr": 10,
                  "dI": 0,
                  "x": 16.8793049,
                  "y": 2.662511,
                  "z": 6,
                  "cX": 1.0,
                  "cY": 0.9999999,
                  "kX": 3.79492664,
                  "kY": -3.79492664
                },
                {
                  "twE": 0,
                  "dr": 1,
                  "dI": 0,
                  "x": 16.8793049,
                  "y": 2.662511,
                  "z": 6,
                  "cX": 1.0,
                  "cY": 0.9999999,
                  "kX": 3.79492664,
                  "kY": -3.79492664
                }
              ]
            },
            {
              "name": "Layer130",
              "dl": 0.0,
              "sc": 1.0,
              "frame_data": [
                {
                  "twE": 0,
                  "dr": 10,
                  "dI": 0,
                  "x": 180.353775,
                  "y": 7.249966,
                  "z": 7,
                  "cX": 1.0,
                  "cY": 1.0,
                  "kX": -0.0008868128,
                  "kY": 0.0008868128
                },
                {
                  "twE": 0,
                  "dr": 5,
                  "dI": 0,
                  "x": 180.353775,
                  "y": 7.249966,
                  "z": 7,
                  "cX": 1.0,
                  "cY": 1.0,
                  "kX": -0.0008868128,
                  "kY": 0.0008868128
                },
                {
                  "twE": 0,
                  "dr": 5,
                  "dI": 0,
                  "x": 180.353775,
                  "y": 7.249966,
                  "z": 7,
                  "cX": 1.0,
                  "cY": 1.0,
                  "kX": -0.0008868128,
                  "kY": 0.0008868128
                },
                {
                  "twE": 0,
                  "dr": 10,
                  "dI": 0,
                  "x": 180.353775,
                  "y": 7.249966,
                  "z": 7,
                  "cX": 1.0,
                  "cY": 1.0,
                  "kX": -0.0008868128,
                  "kY": 0.0008868128
                },
                {
                  "twE": 0,
                  "dr": 10,
                  "dI": 0,
                  "x": 180.353775,
                  "y": 7.249966,
                  "z": 7,
                  "cX": 1.0,
                  "cY": 1.0,
                  "kX": -0.0008868128,
                  "kY": 0.0008868128
                },
                {
                  "twE": 0,
                  "dr": 10,
                  "dI": 0,
                  "x": 180.353775,
                  "y": 7.249966,
                  "z": 7,
                  "cX": 1.0,
                  "cY": 1.0,
                  "kX": -0.0008868128,
                  "kY": 0.0008868128
                },
                {
                  "twE": 0,
                  "dr": 10,
                  "dI": 0,
                  "x": 180.353775,
                  "y": 7.249966,
                  "z": 7,
                  "cX": 1.0,
                  "cY": 1.0,
                  "kX": -0.0008868128,
                  "kY": 0.0008868128
                },
                {
                  "twE": 0,
                  "dr": 10,
                  "dI": 0,
                  "x": 180.353775,
                  "y": 7.249966,
                  "z": 7,
                  "cX": 1.0,
                  "cY": 1.0,
                  "kX": 0.0,
                  "kY": 0.0
                },
                {
                  "twE": 0,
                  "dr": 1,
                  "dI": 0,
                  "x": 180.353775,
                  "y": 7.249966,
                  "z": 7,
                  "cX": 1.0,
                  "cY": 1.0,
                  "kX": 0.0,
                  "kY": 0.0
                }
              ]
            },
            {
              "name": "Layer132",
              "dl": 0.0,
              "sc": 1.0,
              "frame_data": [
                {
                  "twE": 0,
                  "dr": 10,
                  "dI": 0,
                  "x": -0.753498852,
                  "y": -73.34462,
                  "z": 9,
                  "cX": 1.0,
                  "cY": 1.0,
                  "kX": 3.03673029,
                  "kY": -3.03673029
                },
                {
                  "twE": 0,
                  "dr": 5,
                  "dI": 0,
                  "x": -0.753498852,
                  "y": -73.34462,
                  "z": 9,
                  "cX": 1.0,
                  "cY": 1.0,
                  "kX": 3.03687286,
                  "kY": -3.03687286
                },
                {
                  "twE": 0,
                  "dr": 5,
                  "dI": 0,
                  "x": -0.753498852,
                  "y": -73.34462,
                  "z": 9,
                  "cX": 1.0,
                  "cY": 1.0,
                  "kX": 3.03687286,
                  "kY": -3.03687286
                },
                {
                  "twE": 0,
                  "dr": 10,
                  "dI": 0,
                  "x": -0.753498852,
                  "y": -73.34462,
                  "z": 9,
                  "cX": 1.0,
                  "cY": 1.0,
                  "kX": 3.03687286,
                  "kY": -3.03687286
                },
                {
                  "twE": 0,
                  "dr": 10,
                  "dI": 0,
                  "x": -0.753498852,
                  "y": -73.34462,
                  "z": 9,
                  "cX": 1.0,
                  "cY": 1.0,
                  "kX": 3.03687286,
                  "kY": -3.03687286
                },
                {
                  "twE": 0,
                  "dr": 10,
                  "dI": 0,
                  "x": -0.753498852,
                  "y": -73.34462,
                  "z": 9,
                  "cX": 1.0,
                  "cY": 1.0,
                  "kX": 3.03687286,
                  "kY": -3.03687286
                },
                {
                  "twE": 0,
                  "dr": 10,
                  "dI": 0,
                  "x": -0.753498852,
                  "y": -73.34462,
                  "z": 9,
                  "cX": 1.0,
                  "cY": 1.0,
                  "kX": 3.03687286,
                  "kY": -3.03687286
                },
                {
                  "twE": 0,
                  "dr": 10,
                  "dI": 0,
                  "x": -0.753498852,
                  "y": -73.34462,
                  "z": 9,
                  "cX": 1.0,
                  "cY": 1.0,
                  "kX": 3.03983045,
                  "kY": -3.03983045
                },
                {
                  "twE": 0,
                  "dr": 1,
                  "dI": 0,
                  "x": -0.753498852,
                  "y": -73.34462,
                  "z": 9,
                  "cX": 1.0,
                  "cY": 1.0,
                  "kX": 3.03687286,
                  "kY": -3.03687286
                }
              ]
            },
            {
              "name": "Layer134",
              "dl": 0.0,
              "sc": 1.0,
              "frame_data": [
                {
                  "twE": 0,
                  "dr": 10,
                  "dI": 0,
                  "x": 195.8125,
                  "y": 25.1417618,
                  "z": 10,
                  "cX": 0.9999986,
                  "cY": 1.00000119,
                  "kX": 0.0,
                  "kY": 0.0
                },
                {
                  "twE": 0,
                  "dr": 5,
                  "dI": 0,
                  "x": 195.8125,
                  "y": 25.1417618,
                  "z": 10,
                  "cX": 0.9999986,
                  "cY": 1.00000119,
                  "kX": 0.0,
                  "kY": 0.0
                },
                {
                  "twE": 0,
                  "dr": 5,
                  "dI": 0,
                  "x": 195.8125,
                  "y": 25.1417618,
                  "z": 10,
                  "cX": 0.9999986,
                  "cY": 1.00000119,
                  "kX": 0.0,
                  "kY": 0.0
                },
                {
                  "twE": 0,
                  "dr": 10,
                  "dI": 0,
                  "x": 195.8125,
                  "y": 25.1417618,
                  "z": 10,
                  "cX": 0.9999986,
                  "cY": 1.00000119,
                  "kX": 0.0,
                  "kY": 0.0
                },
                {
                  "twE": 0,
                  "dr": 10,
                  "dI": 0,
                  "x": 195.8125,
                  "y": 25.1417618,
                  "z": 10,
                  "cX": 0.9999986,
                  "cY": 1.00000119,
                  "kX": 0.0,
                  "kY": 0.0
                },
                {
                  "twE": 0,
                  "dr": 10,
                  "dI": 0,
                  "x": 195.8125,
                  "y": 25.1417618,
                  "z": 10,
                  "cX": 0.9999986,
                  "cY": 1.00000119,
                  "kX": 0.0,
                  "kY": 0.0
                },
                {
                  "twE": 0,
                  "dr": 10,
                  "dI": 0,
                  "x": 195.8125,
                  "y": 25.1417618,
                  "z": 10,
                  "cX": 0.9999986,
                  "cY": 1.00000119,
                  "kX": 0.0,
                  "kY": 0.0
                },
                {
                  "twE": 0,
                  "dr": 10,
                  "dI": 0,
                  "x": 195.8125,
                  "y": 25.1417618,
                  "z": 10,
                  "cX": 0.9999986,
                  "cY": 1.00000119,
                  "kX": 0.0,
                  "kY": 0.0
                },
                {
                  "twE": 0,
                  "dr": 1,
                  "dI": 0,
                  "x": 195.8125,
                  "y": 25.1417618,
                  "z": 10,
                  "cX": 0.9999986,
                  "cY": 1.00000119,
                  "kX": 0.0,
                  "kY": 0.0
                }
              ]
            },
            {
              "name": "Layer136",
              "dl": 0.0,
              "sc": 1.0,
              "frame_data": [
                {
                  "twE": 0,
                  "dr": 10,
                  "dI": 0,
                  "x": 232.442413,
                  "y": -31.3472137,
                  "z": 11,
                  "cX": 0.99999994,
                  "cY": 1.0,
                  "kX": -0.309451669,
                  "kY": 0.309451669
                },
                {
                  "twE": 0,
                  "dr": 5,
                  "dI": 0,
                  "x": 232.442413,
                  "y": -31.3472137,
                  "z": 11,
                  "cX": 0.99999994,
                  "cY": 1.0,
                  "kX": -0.0266555026,
                  "kY": 0.0266555026
                },
                {
                  "twE": 0,
                  "dr": 5,
                  "dI": 0,
                  "x": 232.442413,
                  "y": -31.3472137,
                  "z": 11,
                  "cX": 0.99999994,
                  "cY": 1.0,
                  "kX": -0.0266555026,
                  "kY": 0.0266555026
                },
                {
                  "twE": 0,
                  "dr": 10,
                  "dI": 0,
                  "x": 232.442413,
                  "y": -31.3472137,
                  "z": 11,
                  "cX": 0.99999994,
                  "cY": 1.0,
                  "kX": -0.0304391831,
                  "kY": 0.0304391831
                },
                {
                  "twE": 0,
                  "dr": 10,
                  "dI": 0,
                  "x": 232.442413,
                  "y": -31.3472137,
                  "z": 11,
                  "cX": 0.99999994,
                  "cY": 1.0,
                  "kX": -0.0266555026,
                  "kY": 0.0266555026
                },
                {
                  "twE": 0,
                  "dr": 10,
                  "dI": 0,
                  "x": 232.442413,
                  "y": -31.3472137,
                  "z": 11,
                  "cX": 0.99999994,
                  "cY": 1.0,
                  "kX": -0.0304391831,
                  "kY": 0.0304391831
                },
                {
                  "twE": 0,
                  "dr": 10,
                  "dI": 0,
                  "x": 232.442413,
                  "y": -31.3472137,
                  "z": 11,
                  "cX": 0.99999994,
                  "cY": 1.0,
                  "kX": -0.0424781628,
                  "kY": 0.0424781628
                },
                {
                  "twE": 0,
                  "dr": 10,
                  "dI": 0,
                  "x": 232.442413,
                  "y": -31.3472137,
                  "z": 11,
                  "cX": 0.99999994,
                  "cY": 1.0,
                  "kX": -0.0299786981,
                  "kY": 0.0299786981
                },
                {
                  "twE": 0,
                  "dr": 1,
                  "dI": 0,
                  "x": 232.442413,
                  "y": -31.3472137,
                  "z": 11,
                  "cX": 0.99999994,
                  "cY": 1.0,
                  "kX": -0.266796529,
                  "kY": 0.266796529
                }
              ]
            },
            {
              "name": "Layer142",
              "dl": 0.0,
              "sc": 1.0,
              "frame_data": [
                {
                  "twE": 0,
                  "dr": 11,
                  "dI": -1,
                  "x": 0.0,
                  "y": 0.0,
                  "z": 3,
                  "cX": 1.0,
                  "cY": 1.0,
                  "kX": 0.0,
                  "kY": 0.0
                },
                {
                  "twE": 0,
                  "dr": 4,
                  "dI": 0,
                  "x": -433.3334,
                  "y": -80.00003,
                  "z": 3,
                  "cX": 4.0,
                  "cY": 4.0,
                  "kX": 0.0,
                  "kY": 0.0
                },
                {
                  "twE": 0,
                  "dr": 5,
                  "dI": 0,
                  "x": -730.5556,
                  "y": -73.33336,
                  "z": 3,
                  "cX": 4.16666651,
                  "cY": 4.16666651,
                  "kX": 0.0,
                  "kY": 0.0
                },
                {
                  "twE": 0,
                  "dr": 50,
                  "dI": 0,
                  "x": -1027.77783,
                  "y": -66.66669,
                  "z": 3,
                  "cX": 4.333333,
                  "cY": 4.333333,
                  "kX": 0.0,
                  "kY": 0.0
                },
                {
                  "twE": 0,
                  "dr": 1,
                  "dI": 0,
                  "x": -4000.0,
                  "y": 0.0,
                  "z": 3,
                  "cX": 6.0,
                  "cY": 6.0,
                  "kX": 0.0,
                  "kY": 0.0
                }
              ]
            },
            {
              "name": "Layer142_clone1",
              "dl": 0.0,
              "sc": 1.0,
              "frame_data": [
                {
                  "twE": 0,
                  "dr": 30,
                  "dI": -1,
                  "x": 0.0,
                  "y": 0.0,
                  "z": 2,
                  "cX": 1.0,
                  "cY": 1.0,
                  "kX": 0.0,
                  "kY": 0.0
                },
                {
                  "twE": 0,
                  "dr": 40,
                  "dI": 0,
                  "x": -436.363464,
                  "y": -77.75759,
                  "z": 2,
                  "cX": 4.4727273,
                  "cY": 4.4727273,
                  "kX": 0.0,
                  "kY": 0.0
                },
                {
                  "twE": 0,
                  "dr": 1,
                  "dI": 0,
                  "x": -4000.0,
                  "y": 0.0,
                  "z": 2,
                  "cX": 6.0,
                  "cY": 6.0,
                  "kX": 0.0,
                  "kY": 0.0
                }
              ]
            },
            {
              "name": "Layer142_clone1_clone2",
              "dl": 0.0,
              "sc": 1.0,
              "frame_data": [
                {
                  "twE": 0,
                  "dr": 50,
                  "dI": -1,
                  "x": 0.0,
                  "y": 0.0,
                  "z": 1,
                  "cX": 1.0,
                  "cY": 1.0,
                  "kX": 0.0,
                  "kY": 0.0
                },
                {
                  "twE": 0,
                  "dr": 20,
                  "dI": 0,
                  "x": -436.363464,
                  "y": -77.75759,
                  "z": 1,
                  "cX": 4.4727273,
                  "cY": 4.4727273,
                  "kX": 0.0,
                  "kY": 0.0
                },
                {
                  "twE": 0,
                  "dr": 1,
                  "dI": 0,
                  "x": -4000.0,
                  "y": 0.0,
                  "z": 1,
                  "cX": 6.0,
                  "cY": 6.0,
                  "kX": 0.0,
                  "kY": 0.0
                }
              ]
            }
          ]
        },
        {
          "name": "Fire",
          "dr": 41,
          "lp": true,
          "to": 0,
          "drTW": 0,
          "twE": 0,
          "mov_bone_data": [
            {
              "name": "Layer120",
              "dl": 0.0,
              "sc": 1.0,
              "frame_data": [
                {
                  "twE": 0,
                  "dr": 10,
                  "dI": 0,
                  "x": 93.74072,
                  "y": -160.102158,
                  "z": 12,
                  "cX": 0.99999994,
                  "cY": 1.0,
                  "kX": 2.96053362,
                  "kY": -2.96053362
                },
                {
                  "twE": 0,
                  "dr": 5,
                  "dI": 0,
                  "x": 93.74072,
                  "y": -160.102158,
                  "z": 12,
                  "cX": 0.99999994,
                  "cY": 1.0,
                  "kX": 2.98236132,
                  "kY": -2.98236132
                },
                {
                  "twE": 0,
                  "dr": 20,
                  "dI": 0,
                  "x": 93.74072,
                  "y": -160.102158,
                  "z": 12,
                  "cX": 0.99999994,
                  "cY": 1.0,
                  "kX": 2.98279166,
                  "kY": -2.98279166
                },
                {
                  "twE": 0,
                  "dr": 1,
                  "dI": 0,
                  "x": 93.74072,
                  "y": -160.102158,
                  "z": 12,
                  "cX": 0.99999994,
                  "cY": 1.0,
                  "kX": 2.984513,
                  "kY": -2.984513
                },
                {
                  "twE": 0,
                  "dr": 5,
                  "dI": -1,
                  "x": 0.0,
                  "y": 0.0,
                  "z": 12,
                  "cX": 1.0,
                  "cY": 1.0,
                  "kX": 0.0,
                  "kY": 0.0
                }
              ]
            },
            {
              "name": "Layer122",
              "dl": 0.0,
              "sc": 1.0,
              "frame_data": [
                {
                  "twE": 0,
                  "dr": 10,
                  "dI": 0,
                  "x": 102.428612,
                  "y": -120.0,
                  "z": 8,
                  "cX": 1.0,
                  "cY": 1.0,
                  "kX": -1.727876,
                  "kY": 1.727876
                },
                {
                  "twE": 0,
                  "dr": 1,
                  "dI": 0,
                  "x": 102.428612,
                  "y": -120.0,
                  "z": 8,
                  "cX": 1.0,
                  "cY": 1.0,
                  "kX": -1.727876,
                  "kY": 1.727876
                },
                {
                  "twE": 0,
                  "dr": 4,
                  "dI": 0,
                  "x": 102.428612,
                  "y": -120.0,
                  "z": 8,
                  "cX": 1.0,
                  "cY": 1.0,
                  "kX": -1.727876,
                  "kY": 1.727876
                },
                {
                  "twE": 0,
                  "dr": 20,
                  "dI": 0,
                  "x": 102.428612,
                  "y": -120.0,
                  "z": 8,
                  "cX": 1.0,
                  "cY": 1.0,
                  "kX": -1.727876,
                  "kY": 1.727876
                },
                {
                  "twE": 0,
                  "dr": 1,
                  "dI": 0,
                  "x": 102.428612,
                  "y": -120.0,
                  "z": 8,
                  "cX": 1.0,
                  "cY": 1.0,
                  "kX": -1.727876,
                  "kY": 1.727876
                },
                {
                  "twE": 0,
                  "dr": 5,
                  "dI": -1,
                  "x": 0.0,
                  "y": 0.0,
                  "z": 8,
                  "cX": 1.0,
                  "cY": 1.0,
                  "kX": 0.0,
                  "kY": 0.0
                }
              ]
            },
            {
              "name": "Layer124",
              "dl": 0.0,
              "sc": 1.0,
              "frame_data": [
                {
                  "twE": 0,
                  "dr": 10,
                  "dI": 0,
                  "x": 125.6905,
                  "y": 35.4667,
                  "z": 4,
                  "cX": 1.0,
                  "cY": 0.9999999,
                  "kX": 4.486551,
                  "kY": -4.486551
                },
                {
                  "twE": 0,
                  "dr": 5,
                  "dI": 0,
                  "x": 125.6905,
                  "y": 35.4667,
                  "z": 4,
                  "cX": 1.0,
                  "cY": 0.9999999,
                  "kX": 4.486551,
                  "kY": -4.486551
                },
                {
                  "twE": 0,
                  "dr": 20,
                  "dI": 0,
                  "x": 125.6905,
                  "y": 35.4667,
                  "z": 4,
                  "cX": 1.0,
                  "cY": 0.9999999,
                  "kX": 4.486551,
                  "kY": -4.486551
                },
                {
                  "twE": 0,
                  "dr": 1,
                  "dI": 0,
                  "x": 125.6905,
                  "y": 35.4667,
                  "z": 4,
                  "cX": 1.0,
                  "cY": 0.9999999,
                  "kX": 4.486551,
                  "kY": -4.486551
                },
                {
                  "twE": 0,
                  "dr": 5,
                  "dI": -1,
                  "x": 0.0,
                  "y": 0.0,
                  "z": 4,
                  "cX": 1.0,
                  "cY": 1.0,
                  "kX": 0.0,
                  "kY": 0.0
                }
              ]
            },
            {
              "name": "Layer126",
              "dl": 0.0,
              "sc": 1.0,
              "frame_data": [
                {
                  "twE": 0,
                  "dr": 10,
                  "dI": 0,
                  "x": 135.402374,
                  "y": -8.705666,
                  "z": 5,
                  "cX": 1.000003,
                  "cY": 0.99999696,
                  "kX": -4.36547661,
                  "kY": 4.36547661
                },
                {
                  "twE": 0,
                  "dr": 5,
                  "dI": 0,
                  "x": 135.402374,
                  "y": -8.705666,
                  "z": 5,
                  "cX": 1.000003,
                  "cY": 0.99999696,
                  "kX": -5.87140751,
                  "kY": 5.87140751
                },
                {
                  "twE": 0,
                  "dr": 20,
                  "dI": 0,
                  "x": 135.402374,
                  "y": -8.705666,
                  "z": 5,
                  "cX": 1.000003,
                  "cY": 0.99999696,
                  "kX": -5.86430645,
                  "kY": 5.86430645
                },
                {
                  "twE": 0,
                  "dr": 1,
                  "dI": 0,
                  "x": 135.402374,
                  "y": -8.705666,
                  "z": 5,
                  "cX": 1.000003,
                  "cY": 0.99999696,
                  "kX": -4.36547661,
                  "kY": 4.36547661
                },
                {
                  "twE": 0,
                  "dr": 5,
                  "dI": -1,
                  "x": 0.0,
                  "y": 0.0,
                  "z": 5,
                  "cX": 1.0,
                  "cY": 1.0,
                  "kX": 0.0,
                  "kY": 0.0
                }
              ]
            },
            {
              "name": "Layer128",
              "dl": 0.0,
              "sc": 1.0,
              "frame_data": [
                {
                  "twE": 0,
                  "dr": 10,
                  "dI": 0,
                  "x": 16.8793049,
                  "y": 2.662511,
                  "z": 6,
                  "cX": 1.0,
                  "cY": 0.9999999,
                  "kX": 3.66519141,
                  "kY": -3.66519141
                },
                {
                  "twE": 0,
                  "dr": 5,
                  "dI": 0,
                  "x": 16.8793049,
                  "y": 2.662511,
                  "z": 6,
                  "cX": 1.0,
                  "cY": 0.9999999,
                  "kX": 3.66519141,
                  "kY": -3.66519141
                },
                {
                  "twE": 0,
                  "dr": 20,
                  "dI": 0,
                  "x": 16.8793049,
                  "y": 2.662511,
                  "z": 6,
                  "cX": 1.0,
                  "cY": 0.9999999,
                  "kX": 3.66519141,
                  "kY": -3.66519141
                },
                {
                  "twE": 0,
                  "dr": 1,
                  "dI": 0,
                  "x": 16.8793049,
                  "y": 2.662511,
                  "z": 6,
                  "cX": 1.0,
                  "cY": 0.9999999,
                  "kX": 3.66519141,
                  "kY": -3.66519141
                },
                {
                  "twE": 0,
                  "dr": 5,
                  "dI": -1,
                  "x": 0.0,
                  "y": 0.0,
                  "z": 6,
                  "cX": 1.0,
                  "cY": 1.0,
                  "kX": 0.0,
                  "kY": 0.0
                }
              ]
            },
            {
              "name": "Layer130",
              "dl": 0.0,
              "sc": 1.0,
              "frame_data": [
                {
                  "twE": 0,
                  "dr": 10,
                  "dI": 0,
                  "x": 180.353775,
                  "y": 7.249966,
                  "z": 7,
                  "cX": 1.0,
                  "cY": 1.0,
                  "kX": -0.0008868128,
                  "kY": 0.0008868128
                },
                {
                  "twE": 0,
                  "dr": 5,
                  "dI": 0,
                  "x": 180.353775,
                  "y": 7.249966,
                  "z": 7,
                  "cX": 1.0,
                  "cY": 1.0,
                  "kX": -0.0008868128,
                  "kY": 0.0008868128
                },
                {
                  "twE": 0,
                  "dr": 20,
                  "dI": 0,
                  "x": 180.353775,
                  "y": 7.249966,
                  "z": 7,
                  "cX": 1.0,
                  "cY": 1.0,
                  "kX": -0.0008868128,
                  "kY": 0.0008868128
                },
                {
                  "twE": 0,
                  "dr": 1,
                  "dI": 0,
                  "x": 180.353775,
                  "y": 7.249966,
                  "z": 7,
                  "cX": 1.0,
                  "cY": 1.0,
                  "kX": -0.0008868128,
                  "kY": 0.0008868128
                },
                {
                  "twE": 0,
                  "dr": 5,
                  "dI": -1,
                  "x": 0.0,
                  "y": 0.0,
                  "z": 7,
                  "cX": 1.0,
                  "cY": 1.0,
                  "kX": 0.0,
                  "kY": 0.0
                }
              ]
            },
            {
              "name": "Layer132",
              "dl": 0.0,
              "sc": 1.0,
              "frame_data": [
                {
                  "twE": 0,
                  "dr": 10,
                  "dI": 0,
                  "x": -0.753498852,
                  "y": -73.34462,
                  "z": 9,
                  "cX": 1.0,
                  "cY": 1.0,
                  "kX": 3.231516,
                  "kY": -3.231516
                },
                {
                  "twE": 0,
                  "dr": 5,
                  "dI": 0,
                  "x": -0.753498852,
                  "y": -73.34462,
                  "z": 9,
                  "cX": 1.0,
                  "cY": 1.0,
                  "kX": 3.22871661,
                  "kY": -3.22871661
                },
                {
                  "twE": 0,
                  "dr": 20,
                  "dI": 0,
                  "x": -0.753498852,
                  "y": -73.34462,
                  "z": 9,
                  "cX": 1.0,
                  "cY": 1.0,
                  "kX": 3.22871661,
                  "kY": -3.22871661
                },
                {
                  "twE": 0,
                  "dr": 1,
                  "dI": 0,
                  "x": -0.753498852,
                  "y": -73.34462,
                  "z": 9,
                  "cX": 1.0,
                  "cY": 1.0,
                  "kX": 3.22871661,
                  "kY": -3.22871661
                },
                {
                  "twE": 0,
                  "dr": 5,
                  "dI": -1,
                  "x": 0.0,
                  "y": 0.0,
                  "z": 9,
                  "cX": 1.0,
                  "cY": 1.0,
                  "kX": 0.0,
                  "kY": 0.0
                }
              ]
            },
            {
              "name": "Layer134",
              "dl": 0.0,
              "sc": 1.0,
              "frame_data": [
                {
                  "twE": 0,
                  "dr": 10,
                  "dI": 0,
                  "x": 195.8125,
                  "y": 25.1417618,
                  "z": 10,
                  "cX": 0.9999986,
                  "cY": 1.00000119,
                  "kX": 0.08378073,
                  "kY": -0.08378073
                },
                {
                  "twE": 0,
                  "dr": 5,
                  "dI": 0,
                  "x": 195.8125,
                  "y": 25.1417618,
                  "z": 10,
                  "cX": 0.9999986,
                  "cY": 1.00000119,
                  "kX": 0.08726646,
                  "kY": -0.08726646
                },
                {
                  "twE": 0,
                  "dr": 20,
                  "dI": 0,
                  "x": 195.8125,
                  "y": 25.1417618,
                  "z": 10,
                  "cX": 0.9999986,
                  "cY": 1.00000119,
                  "kX": 0.08726646,
                  "kY": -0.08726646
                },
                {
                  "twE": 0,
                  "dr": 1,
                  "dI": 0,
                  "x": 195.8125,
                  "y": 25.1417618,
                  "z": 10,
                  "cX": 0.9999986,
                  "cY": 1.00000119,
                  "kX": 0.08726646,
                  "kY": -0.08726646
                },
                {
                  "twE": 0,
                  "dr": 5,
                  "dI": -1,
                  "x": 0.0,
                  "y": 0.0,
                  "z": 10,
                  "cX": 1.0,
                  "cY": 1.0,
                  "kX": 0.0,
                  "kY": 0.0
                }
              ]
            },
            {
              "name": "Layer136",
              "dl": 0.0,
              "sc": 1.0,
              "frame_data": [
                {
                  "twE": 0,
                  "dr": 10,
                  "dI": 0,
                  "x": 232.442413,
                  "y": -31.3472137,
                  "z": 11,
                  "cX": 0.99999994,
                  "cY": 1.0,
                  "kX": -0.158511,
                  "kY": 0.158511
                },
                {
                  "twE": 0,
                  "dr": 5,
                  "dI": 0,
                  "x": 232.442413,
                  "y": -31.3472137,
                  "z": 11,
                  "cX": 0.99999994,
                  "cY": 1.0,
                  "kX": -0.0266555026,
                  "kY": 0.0266555026
                },
                {
                  "twE": 0,
                  "dr": 20,
                  "dI": 0,
                  "x": 232.442413,
                  "y": -31.3472137,
                  "z": 11,
                  "cX": 0.99999994,
                  "cY": 1.0,
                  "kX": -0.0530266,
                  "kY": 0.0530266
                },
                {
                  "twE": 0,
                  "dr": 1,
                  "dI": 0,
                  "x": 232.442413,
                  "y": -31.3472137,
                  "z": 11,
                  "cX": 0.99999994,
                  "cY": 1.0,
                  "kX": -0.158511,
                  "kY": 0.158511
                },
                {
                  "twE": 0,
                  "dr": 5,
                  "dI": -1,
                  "x": 0.0,
                  "y": 0.0,
                  "z": 11,
                  "cX": 1.0,
                  "cY": 1.0,
                  "kX": 0.0,
                  "kY": 0.0
                }
              ]
            },
            {
              "name": "Layer142",
              "dl": 0.0,
              "sc": 1.0,
              "frame_data": [
                {
                  "twE": 0,
                  "dr": 15,
                  "dI": -1,
                  "x": 0.0,
                  "y": 0.0,
                  "z": 3,
                  "cX": 1.0,
                  "cY": 1.0,
                  "kX": 0.0,
                  "kY": 0.0
                },
                {
                  "twE": 0,
                  "dr": 25,
                  "dI": 0,
                  "x": -633.279968,
                  "y": -59.04,
                  "z": 3,
                  "cX": 4.08,
                  "cY": 4.08,
                  "kX": 1.57079637,
                  "kY": -1.57079637,
                  "color": [
                    {
                      "a": 244,
                      "r": 244,
                      "g": 244,
                      "b": 244
                    }
                  ]
                },
                {
                  "twE": 0,
                  "dr": 1,
                  "dI": 0,
                  "x": -4000.0,
                  "y": -60.0,
                  "z": 3,
                  "cX": 6.0,
                  "cY": 6.0,
                  "kX": 1.57079637,
                  "kY": -1.57079637,
                  "color": [
                    {
                      "a": 0,
                      "r": 0,
                      "g": 0,
                      "b": 0
                    }
                  ]
                }
              ]
            }
          ]
        }
      ]
    }
  ],
  "texture_data": [
    {
      "name": "DefaultBone",
      "width": 90.0,
      "height": 30.0,
      "pX": 0.5,
      "pY": 0.5
    },
    {
      "name": "testAnimationResource\\1",
      "width": 201.0,
      "height": 320.0,
      "pX": 0.5,
      "pY": 0.5
    },
    {
      "name": "testAnimationResource\\2",
      "width": 186.0,
      "height": 252.0,
      "pX": 0.5,
      "pY": 0.5
    },
    {
      "name": "testAnimationResource\\3",
      "width": 247.0,
      "height": 479.0,
      "pX": 0.5,
      "pY": 0.5
    },
    {
      "name": "testAnimationResource\\4",
      "width": 141.0,
      "height": 110.0,
      "pX": 0.5,
      "pY": 0.5
    },
    {
      "name": "testAnimationResource\\5",
      "width": 190.0,
      "height": 236.0,
      "pX": 0.5,
      "pY": 0.5
    },
    {
      "name": "testAnimationResource\\6",
      "width": 474.0,
      "height": 402.0,
      "pX": 0.5,
      "pY": 0.5,
      "contour_data": [
        {
          "vertex": [
            {
              "x": -237.0,
              "y": -200.76
            },
            {
              "x": -237.0,
              "y": 199.24000549316406
            },
            {
              "x": 237.0,
              "y": 199.24000549316406
            },
            {
              "x": 237.0,
              "y": -200.76
            }
          ]
        }
      ]
    },
    {
      "name": "testAnimationResource\\7",
      "width": 146.0,
      "height": 112.0,
      "pX": 0.5,
      "pY": 0.5
    },
    {
      "name": "testAnimationResource\\8",
      "width": 135.0,
      "height": 180.0,
      "pX": 0.5,
      "pY": 0.5
    },
    {
      "name": "testAnimationResource\\hat",
      "width": 452.0,
      "height": 458.0,
      "pX": 0.5,
      "pY": 0.5
    },
    {
      "name": "25",
      "width": 20.0,
      "height": 23.0,
      "pX": 0.5,
      "pY": 0.5,
      "contour_data": [
        {
          "vertex": [
            {
              "x": -10.333333,
              "y": -12.0
            },
            {
              "x": -10.333333,
              "y": 11.333333015441895
            },
            {
              "x": 10.0,
              "y": 11.333333015441895
            },
            {
              "x": 10.0,
              "y": -12.0
            }
          ]
        }
      ]
    }
  ],
  "config_file_path": [
    "Cowboy0.plist"
  ]
}