{
  "classname": "CCNode",
  "name": null,
  "canedit": true,
  "objecttag": 0,
  "rotation": 0,
  "scalex": 1,
  "scaley": 1,
  "visible": 1,
  "x": 0,
  "y": 0,
  "zorder": 1,
  "gameobjects": [
    {
      "__type": "ComGameObjectSurrogate:#EditorCommon.JsonModel",
      "classname": "CCNode",
      "name": "background",
      "canedit": true,
      "objecttag": 1,
      "rotation": 0,
      "scalex": 1,
      "scaley": 1,
      "visible": 1,
      "x": 240,
      "y": 160,
      "zorder": 1,
      "gameobjects": [],
      "components": [
        {
          "__type": "ComSpriteSurrogate:#EditorCommon.JsonModel.Component",
          "classname": "CCSprite",
          "name": "CCSprite",
          "file": "Images/startMenuBG.png"
        }
      ]
    },
    {
      "__type": "ComGameObjectSurrogate:#EditorCommon.JsonModel",
      "classname": "CCNode",
      "name": "ui",
      "canedit": true,
      "objecttag": 2,
      "rotation": 0,
      "scalex": 1,
      "scaley": 1,
      "visible": 1,
      "x": 0,
      "y": 0,
      "zorder": 3,
      "gameobjects": [],
      "components": [
        {
          "__type": "ComGUIAdapterSurrogate:#EditorCommon.JsonModel.Component",
          "classname": "GUIComponent",
          "name": "GUIComponent",
          "file": "ui/startMenu/startMenu_1.json"
        }
      ]
    },
    {
      "__type": "ComGameObjectSurrogate:#EditorCommon.JsonModel",
      "classname": "CCNode",
      "name": "p_Right",
      "canedit": true,
      "objecttag": 3,
      "rotation": 0,
      "scalex": 1,
      "scaley": 1,
      "visible": 1,
      "x": 289.5,
      "y": 44.5,
      "zorder": 4,
      "gameobjects": [],
      "components": [
        {
          "__type": "ComParticleSystemSurrogate:#EditorCommon.JsonModel.Component",
          "classname": "CCParticleSystemQuad",
          "name": "CCParticleSystemQuad",
          "file": "Particles/qipao01.plist"
        }
      ]
    },
    {
      "__type": "ComGameObjectSurrogate:#EditorCommon.JsonModel",
      "classname": "CCNode",
      "name": "p_Left",
      "canedit": true,
      "objecttag": 4,
      "rotation": 0,
      "scalex": -1,
      "scaley": 1,
      "visible": 1,
      "x": 189.5,
      "y": 45.5,
      "zorder": 4,
      "gameobjects": [],
      "components": [
        {
          "__type": "ComParticleSystemSurrogate:#EditorCommon.JsonModel.Component",
          "classname": "CCParticleSystemQuad",
          "name": "CCParticleSystemQuad",
          "file": "Particles/qipao01.plist"
        }
      ]
    },
    {
      "__type": "ComGameObjectSurrogate:#EditorCommon.JsonModel",
      "classname": "CCNode",
      "name": "blowFish",
      "canedit": true,
      "objecttag": 5,
      "rotation": 0,
      "scalex": 0.5,
      "scaley": 0.5,
      "visible": 1,
      "x": 417.5,
      "y": 93.5,
      "zorder": 1,
      "gameobjects": [],
      "components": [
        {
          "__type": "ComArmatureAdapterSurrogate:#EditorCommon.JsonModel.Component",
          "classname": "CCArmature",
          "name": "blowFish",
          "file": "fishes/blowFish/Blowfish.ExportJson",
          "selectedactionname": null
        }
      ]
    },
    {
      "__type": "ComGameObjectSurrogate:#EditorCommon.JsonModel",
      "classname": "CCNode",
      "name": "butterFlyFish",
      "canedit": true,
      "objecttag": 6,
      "rotation": 0,
      "scalex": 0.4,
      "scaley": 0.4,
      "visible": 1,
      "x": 421.5,
      "y": 223.5,
      "zorder": 1,
      "gameobjects": [],
      "components": [
        {
          "__type": "ComArmatureAdapterSurrogate:#EditorCommon.JsonModel.Component",
          "classname": "CCArmature",
          "name": "butterFlyFish",
          "file": "fishes/Butterflyfish/Butterflyfish.ExportJson",
          "selectedactionname": null
        }
      ]
    }
  ],
  "CanvasSize": {
    "_height": 320,
    "_width": 480
  },
  "components": [
    {
      "__type": "ComSceneSurrogate:#EditorCommon.JsonModel.Component",
      "classname": "CCScene",
      "name": "CCScene",
      "scenename": "FishJoy2"
    },
    {
      "__type": "ComSimpleAudioSurrogate:#EditorCommon.JsonModel.Component",
      "classname": "CCBackgroundAudio",
      "name": "CCBackgroundAudio",
      "file": "Misc/music_logo.mp3",
      "loop": 1
    }
  ]
}