{"classname":null,"name":null,"animation":{"classname":null,"name":"AnimationManager","actionlist":[]},"designHeight":320,"designWidth":480,"textures":[],"version":1,"widgetTree":{"classname":"Panel","name":null,"children":[{"classname":"Panel","name":null,"children":[{"classname":"Label","name":null,"children":[],"options":{"__type":"ComGUILabelSurrogate:#EditorCommon.JsonModel.Component.GUI","classname":"Label","name":"text","ZOrder":1,"classType":"Label","colorB":255,"colorG":255,"colorR":255,"flipX":false,"flipY":false,"height":10,"opacity":255,"rotation":0,"scaleX":1,"scaleY":1,"touchAble":false,"useMergedTexture":false,"visible":true,"width":20,"x":9.813976,"xProportion":0.0737893,"y":5.17501259,"yProportion":0.5750014,"fontName":"宋体","fontSize":10,"fontType":0,"text":"背包","touchSacleEnable":false}},{"classname":"Button","name":null,"children":[],"options":{"__type":"ComGUIButtonSurrogate:#EditorCommon.JsonModel.Component.GUI","classname":"Button","name":"button","ZOrder":1,"classType":"Button","colorB":255,"colorG":255,"colorR":255,"flipX":false,"flipY":false,"height":11.6,"opacity":255,"rotation":0,"scaleX":0.4,"scaleY":0.4,"touchAble":true,"useMergedTexture":false,"visible":true,"width":12.8,"x":127,"xProportion":0.9548872,"y":4,"yProportion":0.444444448,"disabled":"equip\/button_end_01.png","normal":"equip\/button_end_02.png","pressed":"equip\/button_end_01.png"}}],"options":{"__type":"ComGUIPanelSurrogate:#EditorCommon.JsonModel.Component.GUI","classname":"Panel","name":"Title","ZOrder":6,"classType":"Panel","colorB":255,"colorG":200,"colorR":150,"flipX":false,"flipY":false,"height":9,"opacity":255,"rotation":0,"scaleX":1.17,"scaleY":1.2,"touchAble":false,"useMergedTexture":false,"visible":true,"width":133,"x":173.512726,"xProportion":173.512726,"y":290.199951,"yProportion":290.199951,"backGroundImage":"equip\/12.png","clipAble":false}},{"classname":"Panel","name":null,"children":[{"classname":"ImageView","name":null,"children":[],"options":{"__type":"ComGUIImageViewSurrogate:#EditorCommon.JsonModel.Component.GUI","classname":"ImageView","name":"1","ZOrder":0,"classType":"ImageView","colorB":0,"colorG":0,"colorR":255,"flipX":false,"flipY":false,"height":28,"opacity":255,"rotation":0,"scaleX":1,"scaleY":1,"touchAble":false,"useMergedTexture":false,"visible":true,"width":28,"x":14,"xProportion":0.1,"y":70,"yProportion":0.8333333,"fileName":"equip\/111.png"}},{"classname":"ImageView","name":null,"children":[],"options":{"__type":"ComGUIImageViewSurrogate:#EditorCommon.JsonModel.Component.GUI","classname":"ImageView","name":"2","ZOrder":0,"classType":"ImageView","colorB":0,"colorG":0,"colorR":255,"flipX":false,"flipY":false,"height":28,"opacity":255,"rotation":0,"scaleX":1,"scaleY":1,"touchAble":false,"useMergedTexture":false,"visible":true,"width":28,"x":42,"xProportion":0.3,"y":70,"yProportion":0.8333333,"fileName":"equip\/111.png"}},{"classname":"ImageView","name":null,"children":[],"options":{"__type":"ComGUIImageViewSurrogate:#EditorCommon.JsonModel.Component.GUI","classname":"ImageView","name":"3","ZOrder":0,"classType":"ImageView","colorB":0,"colorG":0,"colorR":255,"flipX":false,"flipY":false,"height":28,"opacity":255,"rotation":0,"scaleX":1,"scaleY":1,"touchAble":false,"useMergedTexture":false,"visible":true,"width":28,"x":70,"xProportion":0.5,"y":70,"yProportion":0.8333333,"fileName":"equip\/111.png"}},{"classname":"ImageView","name":null,"children":[],"options":{"__type":"ComGUIImageViewSurrogate:#EditorCommon.JsonModel.Component.GUI","classname":"ImageView","name":"4","ZOrder":0,"classType":"ImageView","colorB":0,"colorG":0,"colorR":255,"flipX":false,"flipY":false,"height":28,"opacity":255,"rotation":0,"scaleX":1,"scaleY":1,"touchAble":false,"useMergedTexture":false,"visible":true,"width":28,"x":98,"xProportion":0.7,"y":70,"yProportion":0.8333333,"fileName":"equip\/111.png"}},{"classname":"ImageView","name":null,"children":[],"options":{"__type":"ComGUIImageViewSurrogate:#EditorCommon.JsonModel.Component.GUI","classname":"ImageView","name":"5","ZOrder":0,"classType":"ImageView","colorB":0,"colorG":0,"colorR":255,"flipX":false,"flipY":false,"height":28,"opacity":255,"rotation":0,"scaleX":1,"scaleY":1,"touchAble":false,"useMergedTexture":false,"visible":true,"width":28,"x":125.7619,"xProportion":0.8982993,"y":70,"yProportion":0.8333333,"fileName":"equip\/111.png"}},{"classname":"ImageView","name":null,"children":[],"options":{"__type":"ComGUIImageViewSurrogate:#EditorCommon.JsonModel.Component.GUI","classname":"ImageView","name":"6","ZOrder":0,"classType":"ImageView","colorB":0,"colorG":0,"colorR":255,"flipX":false,"flipY":false,"height":28,"opacity":255,"rotation":0,"scaleX":1,"scaleY":1,"touchAble":false,"useMergedTexture":false,"visible":true,"width":28,"x":14,"xProportion":0.1,"y":42,"yProportion":0.5,"fileName":"equip\/111.png"}},{"classname":"ImageView","name":null,"children":[],"options":{"__type":"ComGUIImageViewSurrogate:#EditorCommon.JsonModel.Component.GUI","classname":"ImageView","name":"7","ZOrder":0,"classType":"ImageView","colorB":0,"colorG":0,"colorR":255,"flipX":false,"flipY":false,"height":28,"opacity":255,"rotation":0,"scaleX":1,"scaleY":1,"touchAble":false,"useMergedTexture":false,"visible":true,"width":28,"x":42,"xProportion":0.3,"y":42,"yProportion":0.5,"fileName":"equip\/111.png"}},{"classname":"ImageView","name":null,"children":[],"options":{"__type":"ComGUIImageViewSurrogate:#EditorCommon.JsonModel.Component.GUI","classname":"ImageView","name":"8","ZOrder":0,"classType":"ImageView","colorB":0,"colorG":0,"colorR":255,"flipX":false,"flipY":false,"height":28,"opacity":255,"rotation":0,"scaleX":1,"scaleY":1,"touchAble":false,"useMergedTexture":false,"visible":true,"width":28,"x":70,"xProportion":0.5,"y":42,"yProportion":0.5,"fileName":"equip\/111.png"}},{"classname":"ImageView","name":null,"children":[],"options":{"__type":"ComGUIImageViewSurrogate:#EditorCommon.JsonModel.Component.GUI","classname":"ImageView","name":"9","ZOrder":0,"classType":"ImageView","colorB":0,"colorG":0,"colorR":255,"flipX":false,"flipY":false,"height":28,"opacity":255,"rotation":0,"scaleX":1,"scaleY":1,"touchAble":false,"useMergedTexture":false,"visible":true,"width":28,"x":98,"xProportion":0.7,"y":42,"yProportion":0.5,"fileName":"equip\/111.png"}},{"classname":"ImageView","name":null,"children":[],"options":{"__type":"ComGUIImageViewSurrogate:#EditorCommon.JsonModel.Component.GUI","classname":"ImageView","name":"10","ZOrder":0,"classType":"ImageView","colorB":0,"colorG":0,"colorR":255,"flipX":false,"flipY":false,"height":28,"opacity":255,"rotation":0,"scaleX":1,"scaleY":1,"touchAble":false,"useMergedTexture":false,"visible":true,"width":28,"x":125.7619,"xProportion":0.8982993,"y":42,"yProportion":0.5,"fileName":"equip\/111.png"}},{"classname":"ImageView","name":null,"children":[],"options":{"__type":"ComGUIImageViewSurrogate:#EditorCommon.JsonModel.Component.GUI","classname":"ImageView","name":"11","ZOrder":0,"classType":"ImageView","colorB":0,"colorG":0,"colorR":255,"flipX":false,"flipY":false,"height":28,"opacity":255,"rotation":0,"scaleX":1,"scaleY":1,"touchAble":false,"useMergedTexture":false,"visible":true,"width":28,"x":14,"xProportion":0.1,"y":14,"yProportion":0.166666672,"fileName":"equip\/111.png"}},{"classname":"ImageView","name":null,"children":[],"options":{"__type":"ComGUIImageViewSurrogate:#EditorCommon.JsonModel.Component.GUI","classname":"ImageView","name":"12","ZOrder":0,"classType":"ImageView","colorB":0,"colorG":0,"colorR":255,"flipX":false,"flipY":false,"height":28,"opacity":255,"rotation":0,"scaleX":1,"scaleY":1,"touchAble":false,"useMergedTexture":false,"visible":true,"width":28,"x":42,"xProportion":0.3,"y":14,"yProportion":0.166666672,"fileName":"equip\/111.png"}},{"classname":"ImageView","name":null,"children":[],"options":{"__type":"ComGUIImageViewSurrogate:#EditorCommon.JsonModel.Component.GUI","classname":"ImageView","name":"13","ZOrder":0,"classType":"ImageView","colorB":0,"colorG":0,"colorR":255,"flipX":false,"flipY":false,"height":28,"opacity":255,"rotation":0,"scaleX":1,"scaleY":1,"touchAble":false,"useMergedTexture":false,"visible":true,"width":28,"x":70,"xProportion":0.5,"y":14,"yProportion":0.166666672,"fileName":"equip\/111.png"}},{"classname":"ImageView","name":null,"children":[],"options":{"__type":"ComGUIImageViewSurrogate:#EditorCommon.JsonModel.Component.GUI","classname":"ImageView","name":"14","ZOrder":0,"classType":"ImageView","colorB":0,"colorG":0,"colorR":255,"flipX":false,"flipY":false,"height":28,"opacity":255,"rotation":0,"scaleX":1,"scaleY":1,"touchAble":false,"useMergedTexture":false,"visible":true,"width":28,"x":98,"xProportion":0.7,"y":14,"yProportion":0.166666672,"fileName":"equip\/111.png"}},{"classname":"ImageView","name":null,"children":[],"options":{"__type":"ComGUIImageViewSurrogate:#EditorCommon.JsonModel.Component.GUI","classname":"ImageView","name":"15","ZOrder":0,"classType":"ImageView","colorB":0,"colorG":0,"colorR":255,"flipX":false,"flipY":false,"height":28,"opacity":255,"rotation":0,"scaleX":1,"scaleY":1,"touchAble":false,"useMergedTexture":false,"visible":true,"width":28,"x":125.7619,"xProportion":0.8982993,"y":14,"yProportion":0.166666672,"fileName":"equip\/111.png"}}],"options":{"__type":"ComGUIPanelSurrogate:#EditorCommon.JsonModel.Component.GUI","classname":"Panel","name":"IX","ZOrder":5,"classType":"Panel","colorB":255,"colorG":200,"colorR":150,"flipX":false,"flipY":false,"height":84,"opacity":100,"rotation":0,"scaleX":1,"scaleY":1,"touchAble":false,"useMergedTexture":false,"visible":true,"width":140,"x":170.5263,"xProportion":170.5263,"y":68.05261,"yProportion":68.05261,"backGroundImage":null,"clipAble":false}},{"classname":"Panel","name":null,"children":[{"classname":"ImageView","name":null,"children":[],"options":{"__type":"ComGUIImageViewSurrogate:#EditorCommon.JsonModel.Component.GUI","classname":"ImageView","name":"ImageView_42","ZOrder":0,"classType":"ImageView","colorB":255,"colorG":255,"colorR":255,"flipX":false,"flipY":false,"height":28,"opacity":255,"rotation":0,"scaleX":1,"scaleY":1,"touchAble":false,"useMergedTexture":false,"visible":true,"width":28,"x":14,"xProportion":0.1,"y":70,"yProportion":0.8333333,"fileName":"equip\/111.png"}},{"classname":"ImageView","name":null,"children":[],"options":{"__type":"ComGUIImageViewSurrogate:#EditorCommon.JsonModel.Component.GUI","classname":"ImageView","name":"ImageView_43","ZOrder":0,"classType":"ImageView","colorB":255,"colorG":255,"colorR":255,"flipX":false,"flipY":false,"height":28,"opacity":255,"rotation":0,"scaleX":1,"scaleY":1,"touchAble":false,"useMergedTexture":false,"visible":true,"width":28,"x":42,"xProportion":0.3,"y":70,"yProportion":0.8333333,"fileName":"equip\/111.png"}},{"classname":"ImageView","name":null,"children":[],"options":{"__type":"ComGUIImageViewSurrogate:#EditorCommon.JsonModel.Component.GUI","classname":"ImageView","name":"ImageView_44","ZOrder":0,"classType":"ImageView","colorB":255,"colorG":255,"colorR":255,"flipX":false,"flipY":false,"height":28,"opacity":255,"rotation":0,"scaleX":1,"scaleY":1,"touchAble":false,"useMergedTexture":false,"visible":true,"width":28,"x":70,"xProportion":0.5,"y":70,"yProportion":0.8333333,"fileName":"equip\/111.png"}},{"classname":"ImageView","name":null,"children":[],"options":{"__type":"ComGUIImageViewSurrogate:#EditorCommon.JsonModel.Component.GUI","classname":"ImageView","name":"ImageView_45","ZOrder":0,"classType":"ImageView","colorB":255,"colorG":255,"colorR":255,"flipX":false,"flipY":false,"height":28,"opacity":255,"rotation":0,"scaleX":1,"scaleY":1,"touchAble":false,"useMergedTexture":false,"visible":true,"width":28,"x":98,"xProportion":0.7,"y":70,"yProportion":0.8333333,"fileName":"equip\/111.png"}},{"classname":"ImageView","name":null,"children":[],"options":{"__type":"ComGUIImageViewSurrogate:#EditorCommon.JsonModel.Component.GUI","classname":"ImageView","name":"ImageView_46","ZOrder":0,"classType":"ImageView","colorB":255,"colorG":255,"colorR":255,"flipX":false,"flipY":false,"height":28,"opacity":255,"rotation":0,"scaleX":1,"scaleY":1,"touchAble":false,"useMergedTexture":false,"visible":true,"width":28,"x":126,"xProportion":0.9,"y":70,"yProportion":0.8333333,"fileName":"equip\/111.png"}},{"classname":"ImageView","name":null,"children":[],"options":{"__type":"ComGUIImageViewSurrogate:#EditorCommon.JsonModel.Component.GUI","classname":"ImageView","name":"ImageView_47","ZOrder":0,"classType":"ImageView","colorB":255,"colorG":255,"colorR":255,"flipX":false,"flipY":false,"height":28,"opacity":255,"rotation":0,"scaleX":1,"scaleY":1,"touchAble":false,"useMergedTexture":false,"visible":true,"width":28,"x":14,"xProportion":0.1,"y":42,"yProportion":0.5,"fileName":"equip\/111.png"}},{"classname":"ImageView","name":null,"children":[],"options":{"__type":"ComGUIImageViewSurrogate:#EditorCommon.JsonModel.Component.GUI","classname":"ImageView","name":"ImageView_48","ZOrder":0,"classType":"ImageView","colorB":255,"colorG":255,"colorR":255,"flipX":false,"flipY":false,"height":28,"opacity":255,"rotation":0,"scaleX":1,"scaleY":1,"touchAble":false,"useMergedTexture":false,"visible":true,"width":28,"x":42,"xProportion":0.3,"y":42,"yProportion":0.5,"fileName":"equip\/111.png"}},{"classname":"ImageView","name":null,"children":[],"options":{"__type":"ComGUIImageViewSurrogate:#EditorCommon.JsonModel.Component.GUI","classname":"ImageView","name":"ImageView_49","ZOrder":0,"classType":"ImageView","colorB":255,"colorG":255,"colorR":255,"flipX":false,"flipY":false,"height":28,"opacity":255,"rotation":0,"scaleX":1,"scaleY":1,"touchAble":false,"useMergedTexture":false,"visible":true,"width":28,"x":70,"xProportion":0.5,"y":42,"yProportion":0.5,"fileName":"equip\/111.png"}},{"classname":"ImageView","name":null,"children":[],"options":{"__type":"ComGUIImageViewSurrogate:#EditorCommon.JsonModel.Component.GUI","classname":"ImageView","name":"ImageView_50","ZOrder":0,"classType":"ImageView","colorB":255,"colorG":255,"colorR":255,"flipX":false,"flipY":false,"height":28,"opacity":255,"rotation":0,"scaleX":1,"scaleY":1,"touchAble":false,"useMergedTexture":false,"visible":true,"width":28,"x":98,"xProportion":0.7,"y":42,"yProportion":0.5,"fileName":"equip\/111.png"}},{"classname":"ImageView","name":null,"children":[],"options":{"__type":"ComGUIImageViewSurrogate:#EditorCommon.JsonModel.Component.GUI","classname":"ImageView","name":"ImageView_51","ZOrder":0,"classType":"ImageView","colorB":255,"colorG":255,"colorR":255,"flipX":false,"flipY":false,"height":28,"opacity":255,"rotation":0,"scaleX":1,"scaleY":1,"touchAble":false,"useMergedTexture":false,"visible":true,"width":28,"x":126,"xProportion":0.9,"y":41.6,"yProportion":0.495238066,"fileName":"equip\/111.png"}},{"classname":"ImageView","name":null,"children":[],"options":{"__type":"ComGUIImageViewSurrogate:#EditorCommon.JsonModel.Component.GUI","classname":"ImageView","name":"ImageView_52","ZOrder":0,"classType":"ImageView","colorB":255,"colorG":255,"colorR":255,"flipX":false,"flipY":false,"height":28,"opacity":255,"rotation":0,"scaleX":1,"scaleY":1,"touchAble":false,"useMergedTexture":false,"visible":true,"width":28,"x":14,"xProportion":0.1,"y":14,"yProportion":0.166666672,"fileName":"equip\/111.png"}},{"classname":"ImageView","name":null,"children":[],"options":{"__type":"ComGUIImageViewSurrogate:#EditorCommon.JsonModel.Component.GUI","classname":"ImageView","name":"ImageView_53","ZOrder":0,"classType":"ImageView","colorB":255,"colorG":255,"colorR":255,"flipX":false,"flipY":false,"height":28,"opacity":255,"rotation":0,"scaleX":1,"scaleY":1,"touchAble":false,"useMergedTexture":false,"visible":true,"width":28,"x":42,"xProportion":0.3,"y":14,"yProportion":0.166666672,"fileName":"equip\/111.png"}},{"classname":"ImageView","name":null,"children":[],"options":{"__type":"ComGUIImageViewSurrogate:#EditorCommon.JsonModel.Component.GUI","classname":"ImageView","name":"ImageView_54","ZOrder":0,"classType":"ImageView","colorB":255,"colorG":255,"colorR":255,"flipX":false,"flipY":false,"height":28,"opacity":255,"rotation":0,"scaleX":1,"scaleY":1,"touchAble":false,"useMergedTexture":false,"visible":true,"width":28,"x":70,"xProportion":0.5,"y":14,"yProportion":0.166666672,"fileName":"equip\/111.png"}},{"classname":"ImageView","name":null,"children":[],"options":{"__type":"ComGUIImageViewSurrogate:#EditorCommon.JsonModel.Component.GUI","classname":"ImageView","name":"ImageView_55","ZOrder":0,"classType":"ImageView","colorB":255,"colorG":255,"colorR":255,"flipX":false,"flipY":false,"height":28,"opacity":255,"rotation":0,"scaleX":1,"scaleY":1,"touchAble":false,"useMergedTexture":false,"visible":true,"width":28,"x":98,"xProportion":0.7,"y":14,"yProportion":0.166666672,"fileName":"equip\/111.png"}},{"classname":"ImageView","name":null,"children":[],"options":{"__type":"ComGUIImageViewSurrogate:#EditorCommon.JsonModel.Component.GUI","classname":"ImageView","name":"ImageView_56","ZOrder":0,"classType":"ImageView","colorB":255,"colorG":255,"colorR":255,"flipX":false,"flipY":false,"height":28,"opacity":255,"rotation":0,"scaleX":1,"scaleY":1,"touchAble":false,"useMergedTexture":false,"visible":true,"width":28,"x":126,"xProportion":0.9,"y":14,"yProportion":0.166666672,"fileName":"equip\/111.png"}}],"options":{"__type":"ComGUIPanelSurrogate:#EditorCommon.JsonModel.Component.GUI","classname":"Panel","name":"IIX","ZOrder":4,"classType":"Panel","colorB":255,"colorG":200,"colorR":150,"flipX":false,"flipY":false,"height":84,"opacity":100,"rotation":0,"scaleX":1,"scaleY":1,"touchAble":false,"useMergedTexture":false,"visible":true,"width":140,"x":184.894714,"xProportion":184.894714,"y":54.3683777,"yProportion":54.3683777,"backGroundImage":null,"clipAble":false}},{"classname":"Panel","name":null,"children":[{"classname":"ImageView","name":null,"children":[],"options":{"__type":"ComGUIImageViewSurrogate:#EditorCommon.JsonModel.Component.GUI","classname":"ImageView","name":"ImageView_59","ZOrder":0,"classType":"ImageView","colorB":240,"colorG":176,"colorR":0,"flipX":false,"flipY":false,"height":28,"opacity":255,"rotation":0,"scaleX":1,"scaleY":1,"touchAble":false,"useMergedTexture":false,"visible":true,"width":28,"x":14.2368422,"xProportion":0.10169173,"y":70,"yProportion":0.8333333,"fileName":"equip\/111.png"}},{"classname":"ImageView","name":null,"children":[],"options":{"__type":"ComGUIImageViewSurrogate:#EditorCommon.JsonModel.Component.GUI","classname":"ImageView","name":"ImageView_60","ZOrder":0,"classType":"ImageView","colorB":240,"colorG":176,"colorR":0,"flipX":false,"flipY":false,"height":28,"opacity":255,"rotation":0,"scaleX":1,"scaleY":1,"touchAble":false,"useMergedTexture":false,"visible":true,"width":28,"x":42,"xProportion":0.3,"y":70,"yProportion":0.8333333,"fileName":"equip\/111.png"}},{"classname":"ImageView","name":null,"children":[],"options":{"__type":"ComGUIImageViewSurrogate:#EditorCommon.JsonModel.Component.GUI","classname":"ImageView","name":"ImageView_61","ZOrder":0,"classType":"ImageView","colorB":240,"colorG":176,"colorR":0,"flipX":false,"flipY":false,"height":28,"opacity":255,"rotation":0,"scaleX":1,"scaleY":1,"touchAble":false,"useMergedTexture":false,"visible":true,"width":28,"x":70,"xProportion":0.5,"y":70,"yProportion":0.8333333,"fileName":"equip\/111.png"}},{"classname":"ImageView","name":null,"children":[],"options":{"__type":"ComGUIImageViewSurrogate:#EditorCommon.JsonModel.Component.GUI","classname":"ImageView","name":"ImageView_62","ZOrder":0,"classType":"ImageView","colorB":240,"colorG":176,"colorR":0,"flipX":false,"flipY":false,"height":28,"opacity":255,"rotation":0,"scaleX":1,"scaleY":1,"touchAble":false,"useMergedTexture":false,"visible":true,"width":28,"x":98,"xProportion":0.7,"y":70,"yProportion":0.8333333,"fileName":"equip\/111.png"}},{"classname":"ImageView","name":null,"children":[],"options":{"__type":"ComGUIImageViewSurrogate:#EditorCommon.JsonModel.Component.GUI","classname":"ImageView","name":"ImageView_63","ZOrder":0,"classType":"ImageView","colorB":240,"colorG":176,"colorR":0,"flipX":false,"flipY":false,"height":28,"opacity":255,"rotation":0,"scaleX":1,"scaleY":1,"touchAble":false,"useMergedTexture":false,"visible":true,"width":28,"x":126,"xProportion":0.9,"y":70,"yProportion":0.8333333,"fileName":"equip\/111.png"}},{"classname":"ImageView","name":null,"children":[],"options":{"__type":"ComGUIImageViewSurrogate:#EditorCommon.JsonModel.Component.GUI","classname":"ImageView","name":"ImageView_64","ZOrder":0,"classType":"ImageView","colorB":240,"colorG":176,"colorR":0,"flipX":false,"flipY":false,"height":28,"opacity":255,"rotation":0,"scaleX":1,"scaleY":1,"touchAble":false,"useMergedTexture":false,"visible":true,"width":28,"x":14.2368422,"xProportion":0.10169173,"y":42,"yProportion":0.5,"fileName":"equip\/111.png"}},{"classname":"ImageView","name":null,"children":[],"options":{"__type":"ComGUIImageViewSurrogate:#EditorCommon.JsonModel.Component.GUI","classname":"ImageView","name":"ImageView_65","ZOrder":0,"classType":"ImageView","colorB":240,"colorG":176,"colorR":0,"flipX":false,"flipY":false,"height":28,"opacity":255,"rotation":0,"scaleX":1,"scaleY":1,"touchAble":false,"useMergedTexture":false,"visible":true,"width":28,"x":42,"xProportion":0.3,"y":42,"yProportion":0.5,"fileName":"equip\/111.png"}},{"classname":"ImageView","name":null,"children":[],"options":{"__type":"ComGUIImageViewSurrogate:#EditorCommon.JsonModel.Component.GUI","classname":"ImageView","name":"ImageView_66","ZOrder":0,"classType":"ImageView","colorB":240,"colorG":176,"colorR":0,"flipX":false,"flipY":false,"height":28,"opacity":255,"rotation":0,"scaleX":1,"scaleY":1,"touchAble":false,"useMergedTexture":false,"visible":true,"width":28,"x":70,"xProportion":0.5,"y":42,"yProportion":0.5,"fileName":"equip\/111.png"}},{"classname":"ImageView","name":null,"children":[],"options":{"__type":"ComGUIImageViewSurrogate:#EditorCommon.JsonModel.Component.GUI","classname":"ImageView","name":"ImageView_67","ZOrder":0,"classType":"ImageView","colorB":240,"colorG":176,"colorR":0,"flipX":false,"flipY":false,"height":28,"opacity":255,"rotation":0,"scaleX":1,"scaleY":1,"touchAble":false,"useMergedTexture":false,"visible":true,"width":28,"x":98,"xProportion":0.7,"y":42,"yProportion":0.5,"fileName":"equip\/111.png"}},{"classname":"ImageView","name":null,"children":[],"options":{"__type":"ComGUIImageViewSurrogate:#EditorCommon.JsonModel.Component.GUI","classname":"ImageView","name":"ImageView_68","ZOrder":0,"classType":"ImageView","colorB":240,"colorG":176,"colorR":0,"flipX":false,"flipY":false,"height":28,"opacity":255,"rotation":0,"scaleX":1,"scaleY":1,"touchAble":false,"useMergedTexture":false,"visible":true,"width":28,"x":126,"xProportion":0.9,"y":42,"yProportion":0.5,"fileName":"equip\/111.png"}},{"classname":"ImageView","name":null,"children":[],"options":{"__type":"ComGUIImageViewSurrogate:#EditorCommon.JsonModel.Component.GUI","classname":"ImageView","name":"ImageView_69","ZOrder":0,"classType":"ImageView","colorB":240,"colorG":176,"colorR":0,"flipX":false,"flipY":false,"height":28,"opacity":255,"rotation":0,"scaleX":1,"scaleY":1,"touchAble":false,"useMergedTexture":false,"visible":true,"width":28,"x":14.2368422,"xProportion":0.10169173,"y":14,"yProportion":0.166666672,"fileName":"equip\/111.png"}},{"classname":"ImageView","name":null,"children":[],"options":{"__type":"ComGUIImageViewSurrogate:#EditorCommon.JsonModel.Component.GUI","classname":"ImageView","name":"ImageView_70","ZOrder":0,"classType":"ImageView","colorB":240,"colorG":176,"colorR":0,"flipX":false,"flipY":false,"height":28,"opacity":255,"rotation":0,"scaleX":1,"scaleY":1,"touchAble":false,"useMergedTexture":false,"visible":true,"width":28,"x":42,"xProportion":0.3,"y":14,"yProportion":0.166666672,"fileName":"equip\/111.png"}},{"classname":"ImageView","name":null,"children":[],"options":{"__type":"ComGUIImageViewSurrogate:#EditorCommon.JsonModel.Component.GUI","classname":"ImageView","name":"ImageView_71","ZOrder":0,"classType":"ImageView","colorB":240,"colorG":176,"colorR":0,"flipX":false,"flipY":false,"height":28,"opacity":255,"rotation":0,"scaleX":1,"scaleY":1,"touchAble":false,"useMergedTexture":false,"visible":true,"width":28,"x":70,"xProportion":0.5,"y":14,"yProportion":0.166666672,"fileName":"equip\/111.png"}},{"classname":"ImageView","name":null,"children":[],"options":{"__type":"ComGUIImageViewSurrogate:#EditorCommon.JsonModel.Component.GUI","classname":"ImageView","name":"ImageView_72","ZOrder":0,"classType":"ImageView","colorB":240,"colorG":176,"colorR":0,"flipX":false,"flipY":false,"height":28,"opacity":255,"rotation":0,"scaleX":1,"scaleY":1,"touchAble":false,"useMergedTexture":false,"visible":true,"width":28,"x":98,"xProportion":0.7,"y":14,"yProportion":0.166666672,"fileName":"equip\/111.png"}},{"classname":"ImageView","name":null,"children":[],"options":{"__type":"ComGUIImageViewSurrogate:#EditorCommon.JsonModel.Component.GUI","classname":"ImageView","name":"ImageView_73","ZOrder":0,"classType":"ImageView","colorB":240,"colorG":176,"colorR":0,"flipX":false,"flipY":false,"height":28,"opacity":255,"rotation":0,"scaleX":1,"scaleY":1,"touchAble":false,"useMergedTexture":false,"visible":true,"width":28,"x":126,"xProportion":0.9,"y":14,"yProportion":0.166666672,"fileName":"equip\/111.png"}}],"options":{"__type":"ComGUIPanelSurrogate:#EditorCommon.JsonModel.Component.GUI","classname":"Panel","name":"IIIX","ZOrder":3,"classType":"Panel","colorB":255,"colorG":200,"colorR":150,"flipX":false,"flipY":false,"height":84,"opacity":100,"rotation":0,"scaleX":1,"scaleY":1,"touchAble":false,"useMergedTexture":false,"visible":true,"width":140,"x":200.1579,"xProportion":200.1579,"y":40.0526123,"yProportion":40.0526123,"backGroundImage":null,"clipAble":false}},{"classname":"Panel","name":null,"children":[{"classname":"ImageView","name":null,"children":[],"options":{"__type":"ComGUIImageViewSurrogate:#EditorCommon.JsonModel.Component.GUI","classname":"ImageView","name":"left","ZOrder":1,"classType":"ImageView","colorB":255,"colorG":255,"colorR":255,"flipX":false,"flipY":false,"height":112,"opacity":255,"rotation":0,"scaleX":1,"scaleY":4,"touchAble":true,"useMergedTexture":false,"visible":true,"width":28,"x":13.87145,"xProportion":0.08949323,"y":78.5,"yProportion":0.5304054,"fileName":"equip\/14.png"}},{"classname":"TextButton","name":null,"children":[],"options":{"__type":"ComGUITextButtonSurrogate:#EditorCommon.JsonModel.Component.GUI","classname":"TextButton","name":"I_Button","ZOrder":1,"classType":"TextButton","colorB":255,"colorG":255,"colorR":255,"flipX":false,"flipY":false,"height":24,"opacity":255,"rotation":0,"scaleX":1,"scaleY":1,"touchAble":true,"useMergedTexture":false,"visible":true,"width":33,"x":36.49757,"xProportion":0.2354682,"y":10.4501286,"yProportion":0.07060897,"disabled":"equip\/button_green_un2.png","fontName":"宋体","fontSize":10,"fontType":0,"normal":"equip\/button_green_n2.png","pressed":"equip\/button_green_p2.png","text":"衣服"}},{"classname":"TextButton","name":null,"children":[],"options":{"__type":"ComGUITextButtonSurrogate:#EditorCommon.JsonModel.Component.GUI","classname":"TextButton","name":"II_Button","ZOrder":1,"classType":"TextButton","colorB":255,"colorG":255,"colorR":255,"flipX":false,"flipY":false,"height":24,"opacity":255,"rotation":0,"scaleX":1,"scaleY":1,"touchAble":true,"useMergedTexture":false,"visible":true,"width":33,"x":79.8134842,"xProportion":0.5149257,"y":10.4501286,"yProportion":0.07060897,"disabled":"equip\/button_green_un2.png","fontName":"宋体","fontSize":10,"fontType":0,"normal":"equip\/button_green_n2.png","pressed":"equip\/button_green_p2.png","text":"武器"}},{"classname":"TextButton","name":null,"children":[],"options":{"__type":"ComGUITextButtonSurrogate:#EditorCommon.JsonModel.Component.GUI","classname":"TextButton","name":"III_Button","ZOrder":1,"classType":"TextButton","colorB":255,"colorG":255,"colorR":255,"flipX":false,"flipY":false,"height":24,"opacity":255,"rotation":0,"scaleX":1,"scaleY":1,"touchAble":true,"useMergedTexture":false,"visible":true,"width":33,"x":123.009651,"xProportion":0.793610632,"y":10.4501286,"yProportion":0.07060897,"disabled":"equip\/button_green_un2.png","fontName":"宋体","fontSize":10,"fontType":0,"normal":"equip\/button_green_n2.png","pressed":"equip\/button_green_p2.png","text":"宠物"}},{"classname":"ImageView","name":null,"children":[],"options":{"__type":"ComGUIImageViewSurrogate:#EditorCommon.JsonModel.Component.GUI","classname":"ImageView","name":"ImageView_84","ZOrder":2,"classType":"ImageView","colorB":255,"colorG":255,"colorR":255,"flipX":false,"flipY":false,"height":28,"opacity":255,"rotation":0,"scaleX":1,"scaleY":1,"touchAble":false,"useMergedTexture":false,"visible":true,"width":28,"x":13.87145,"xProportion":0.08949323,"y":120.5,"yProportion":0.8141892,"fileName":"equip\/15.png"}},{"classname":"ImageView","name":null,"children":[],"options":{"__type":"ComGUIImageViewSurrogate:#EditorCommon.JsonModel.Component.GUI","classname":"ImageView","name":"ImageView_85","ZOrder":2,"classType":"ImageView","colorB":255,"colorG":255,"colorR":255,"flipX":false,"flipY":false,"height":28,"opacity":255,"rotation":0,"scaleX":1,"scaleY":1,"touchAble":false,"useMergedTexture":false,"visible":true,"width":28,"x":13.87145,"xProportion":0.08949323,"y":78.5,"yProportion":0.5304054,"fileName":"equip\/15.png"}},{"classname":"ImageView","name":null,"children":[],"options":{"__type":"ComGUIImageViewSurrogate:#EditorCommon.JsonModel.Component.GUI","classname":"ImageView","name":"ImageView_86","ZOrder":2,"classType":"ImageView","colorB":255,"colorG":255,"colorR":255,"flipX":false,"flipY":false,"height":28,"opacity":255,"rotation":0,"scaleX":1,"scaleY":1,"touchAble":false,"useMergedTexture":false,"visible":true,"width":28,"x":13.87145,"xProportion":0.08949323,"y":36.9817924,"yProportion":0.249876976,"fileName":"equip\/15.png"}},{"classname":"ImageView","name":null,"children":[],"options":{"__type":"ComGUIImageViewSurrogate:#EditorCommon.JsonModel.Component.GUI","classname":"ImageView","name":"ImageView_87","ZOrder":2,"classType":"ImageView","colorB":255,"colorG":255,"colorR":255,"flipX":false,"flipY":false,"height":28,"opacity":255,"rotation":0,"scaleX":1,"scaleY":1,"touchAble":false,"useMergedTexture":false,"visible":true,"width":28,"x":141.9494,"xProportion":0.9158026,"y":120.5,"yProportion":0.8141892,"fileName":"equip\/15.png"}},{"classname":"ImageView","name":null,"children":[],"options":{"__type":"ComGUIImageViewSurrogate:#EditorCommon.JsonModel.Component.GUI","classname":"ImageView","name":"ImageView_88","ZOrder":2,"classType":"ImageView","colorB":255,"colorG":255,"colorR":255,"flipX":false,"flipY":false,"height":28,"opacity":255,"rotation":0,"scaleX":1,"scaleY":1,"touchAble":false,"useMergedTexture":false,"visible":true,"width":28,"x":141.9494,"xProportion":0.9158026,"y":78.5,"yProportion":0.5304054,"fileName":"equip\/15.png"}},{"classname":"ImageView","name":null,"children":[],"options":{"__type":"ComGUIImageViewSurrogate:#EditorCommon.JsonModel.Component.GUI","classname":"ImageView","name":"ImageView_89","ZOrder":2,"classType":"ImageView","colorB":255,"colorG":255,"colorR":255,"flipX":false,"flipY":false,"height":28,"opacity":255,"rotation":0,"scaleX":1,"scaleY":1,"touchAble":false,"useMergedTexture":false,"visible":true,"width":28,"x":141.9494,"xProportion":0.9158026,"y":36.9817924,"yProportion":0.249876976,"fileName":"equip\/15.png"}},{"classname":"ImageView","name":null,"children":[],"options":{"__type":"ComGUIImageViewSurrogate:#EditorCommon.JsonModel.Component.GUI","classname":"ImageView","name":"right","ZOrder":1,"classType":"ImageView","colorB":255,"colorG":255,"colorR":255,"flipX":false,"flipY":false,"height":112,"opacity":255,"rotation":0,"scaleX":1,"scaleY":4,"touchAble":true,"useMergedTexture":false,"visible":true,"width":28,"x":141.9494,"xProportion":0.9158026,"y":78.5,"yProportion":0.5304054,"fileName":"equip\/14.png"}},{"classname":"ImageView","name":null,"children":[],"options":{"__type":"ComGUIImageViewSurrogate:#EditorCommon.JsonModel.Component.GUI","classname":"ImageView","name":"BG","ZOrder":0,"classType":"ImageView","colorB":255,"colorG":255,"colorR":255,"flipX":false,"flipY":false,"height":147.84,"opacity":255,"rotation":0,"scaleX":2.43,"scaleY":2.31,"touchAble":false,"useMergedTexture":false,"visible":true,"width":155.52,"x":78,"xProportion":0.5032258,"y":74.71429,"yProportion":0.504826248,"fileName":"equip\/13.png"}},{"classname":"ImageView","name":null,"children":[],"options":{"__type":"ComGUIImageViewSurrogate:#EditorCommon.JsonModel.Component.GUI","classname":"ImageView","name":"WAL","ZOrder":0,"classType":"ImageView","colorB":255,"colorG":255,"colorR":255,"flipX":false,"flipY":false,"height":110,"opacity":255,"rotation":0,"scaleX":1,"scaleY":1,"touchAble":false,"useMergedTexture":false,"visible":true,"width":100,"x":78,"xProportion":0.5032258,"y":77,"yProportion":0.5202703,"fileName":"equip\/2.png"}}],"options":{"__type":"ComGUIPanelSurrogate:#EditorCommon.JsonModel.Component.GUI","classname":"Panel","name":"UP","ZOrder":0,"classType":"Panel","colorB":255,"colorG":200,"colorR":150,"flipX":false,"flipY":false,"height":148,"opacity":100,"rotation":0,"scaleX":1,"scaleY":1,"touchAble":false,"useMergedTexture":false,"visible":true,"width":155,"x":162.122711,"xProportion":162.122711,"y":152.230774,"yProportion":152.230774,"backGroundImage":null,"clipAble":false}}],"options":{"__type":"ComGUIPanelSurrogate:#EditorCommon.JsonModel.Component.GUI","classname":"Panel","name":"equip_root","ZOrder":0,"classType":"Panel","colorB":255,"colorG":200,"colorR":150,"flipX":false,"flipY":false,"height":0,"opacity":100,"rotation":0,"scaleX":1,"scaleY":1,"touchAble":false,"useMergedTexture":false,"visible":true,"width":0,"x":0,"xProportion":0,"y":0,"yProportion":0,"backGroundImage":null,"clipAble":false}}}