{"classname":null,"name":null,"animation":{"classname":null,"name":"AnimationManager","actionlist":[]},"designHeight":320,"designWidth":480,"textures":[],"version":1,"widgetTree":{"classname":"Panel","name":null,"children":[{"classname":"Panel","name":null,"children":[{"classname":"Label","name":null,"children":[],"options":{"__type":"ComGUILabelSurrogate:#EditorCommon.JsonModel.Component.GUI","classname":"Label","name":"text","ZOrder":1,"actiontag":295,"classType":"Label","colorB":255,"colorG":255,"colorR":255,"flipX":false,"flipY":false,"height":10,"opacity":255,"rotation":0,"scaleX":1,"scaleY":1,"tag":139,"touchAble":false,"useMergedTexture":false,"visible":true,"width":20,"x":9.813976,"xProportion":0.0737893,"y":5.17501259,"yProportion":0.5750014,"fontName":"宋体","fontSize":10,"fontType":0,"text":"背包","touchSacleEnable":false}},{"classname":"Button","name":null,"children":[],"options":{"__type":"ComGUIButtonSurrogate:#EditorCommon.JsonModel.Component.GUI","classname":"Button","name":"button","ZOrder":1,"actiontag":296,"classType":"Button","colorB":255,"colorG":255,"colorR":255,"flipX":false,"flipY":false,"height":11.6,"opacity":255,"rotation":0,"scaleX":0.4,"scaleY":0.4,"tag":140,"touchAble":true,"useMergedTexture":false,"visible":true,"width":12.8,"x":127,"xProportion":0.9548872,"y":4,"yProportion":0.444444448,"capInsetsHeight":0,"capInsetsWidth":0,"capInsetsX":0,"capInsetsY":0,"disabled":"equip\/button_end_01.png","normal":"equip\/button_end_02.png","pressed":"equip\/button_end_01.png","scale9Enable":false,"scale9Height":0,"scale9Width":0}}],"options":{"__type":"ComGUIPanelSurrogate:#EditorCommon.JsonModel.Component.GUI","classname":"Panel","name":"Title","ZOrder":6,"actiontag":294,"classType":"Panel","colorB":255,"colorG":200,"colorR":150,"flipX":false,"flipY":false,"height":9,"opacity":255,"rotation":0,"scaleX":1.17,"scaleY":1.2,"tag":138,"touchAble":false,"useMergedTexture":false,"visible":true,"width":133,"x":173.512726,"xProportion":173.512726,"y":290.199951,"yProportion":290.199951,"backGroundImage":"equip\/12.png","backGroundScale9Enable":false,"capInsetsHeight":0,"capInsetsWidth":0,"capInsetsX":0,"capInsetsY":0,"clipAble":false}},{"classname":"Panel","name":null,"children":[{"classname":"ImageView","name":null,"children":[],"options":{"__type":"ComGUIImageViewSurrogate:#EditorCommon.JsonModel.Component.GUI","classname":"ImageView","name":"1","ZOrder":0,"actiontag":298,"classType":"ImageView","colorB":0,"colorG":0,"colorR":255,"flipX":false,"flipY":false,"height":28,"opacity":255,"rotation":0,"scaleX":1,"scaleY":1,"tag":142,"touchAble":false,"useMergedTexture":false,"visible":true,"width":28,"x":14,"xProportion":0.1,"y":70,"yProportion":0.8333333,"capInsetsHeight":0,"capInsetsWidth":0,"capInsetsX":0,"capInsetsY":0,"fileName":"equip\/111.png","scale9Enable":false,"scale9Height":0,"scale9Width":0}},{"classname":"ImageView","name":null,"children":[],"options":{"__type":"ComGUIImageViewSurrogate:#EditorCommon.JsonModel.Component.GUI","classname":"ImageView","name":"2","ZOrder":0,"actiontag":299,"classType":"ImageView","colorB":0,"colorG":0,"colorR":255,"flipX":false,"flipY":false,"height":28,"opacity":255,"rotation":0,"scaleX":1,"scaleY":1,"tag":143,"touchAble":false,"useMergedTexture":false,"visible":true,"width":28,"x":42,"xProportion":0.3,"y":70,"yProportion":0.8333333,"capInsetsHeight":0,"capInsetsWidth":0,"capInsetsX":0,"capInsetsY":0,"fileName":"equip\/111.png","scale9Enable":false,"scale9Height":0,"scale9Width":0}},{"classname":"ImageView","name":null,"children":[],"options":{"__type":"ComGUIImageViewSurrogate:#EditorCommon.JsonModel.Component.GUI","classname":"ImageView","name":"3","ZOrder":0,"actiontag":300,"classType":"ImageView","colorB":0,"colorG":0,"colorR":255,"flipX":false,"flipY":false,"height":28,"opacity":255,"rotation":0,"scaleX":1,"scaleY":1,"tag":144,"touchAble":false,"useMergedTexture":false,"visible":true,"width":28,"x":70,"xProportion":0.5,"y":70,"yProportion":0.8333333,"capInsetsHeight":0,"capInsetsWidth":0,"capInsetsX":0,"capInsetsY":0,"fileName":"equip\/111.png","scale9Enable":false,"scale9Height":0,"scale9Width":0}},{"classname":"ImageView","name":null,"children":[],"options":{"__type":"ComGUIImageViewSurrogate:#EditorCommon.JsonModel.Component.GUI","classname":"ImageView","name":"4","ZOrder":0,"actiontag":301,"classType":"ImageView","colorB":0,"colorG":0,"colorR":255,"flipX":false,"flipY":false,"height":28,"opacity":255,"rotation":0,"scaleX":1,"scaleY":1,"tag":145,"touchAble":false,"useMergedTexture":false,"visible":true,"width":28,"x":98,"xProportion":0.7,"y":70,"yProportion":0.8333333,"capInsetsHeight":0,"capInsetsWidth":0,"capInsetsX":0,"capInsetsY":0,"fileName":"equip\/111.png","scale9Enable":false,"scale9Height":0,"scale9Width":0}},{"classname":"ImageView","name":null,"children":[],"options":{"__type":"ComGUIImageViewSurrogate:#EditorCommon.JsonModel.Component.GUI","classname":"ImageView","name":"5","ZOrder":0,"actiontag":302,"classType":"ImageView","colorB":0,"colorG":0,"colorR":255,"flipX":false,"flipY":false,"height":28,"opacity":255,"rotation":0,"scaleX":1,"scaleY":1,"tag":146,"touchAble":false,"useMergedTexture":false,"visible":true,"width":28,"x":125.7619,"xProportion":0.8982993,"y":70,"yProportion":0.8333333,"capInsetsHeight":0,"capInsetsWidth":0,"capInsetsX":0,"capInsetsY":0,"fileName":"equip\/111.png","scale9Enable":false,"scale9Height":0,"scale9Width":0}},{"classname":"ImageView","name":null,"children":[],"options":{"__type":"ComGUIImageViewSurrogate:#EditorCommon.JsonModel.Component.GUI","classname":"ImageView","name":"6","ZOrder":0,"actiontag":303,"classType":"ImageView","colorB":0,"colorG":0,"colorR":255,"flipX":false,"flipY":false,"height":28,"opacity":255,"rotation":0,"scaleX":1,"scaleY":1,"tag":147,"touchAble":false,"useMergedTexture":false,"visible":true,"width":28,"x":14,"xProportion":0.1,"y":42,"yProportion":0.5,"capInsetsHeight":0,"capInsetsWidth":0,"capInsetsX":0,"capInsetsY":0,"fileName":"equip\/111.png","scale9Enable":false,"scale9Height":0,"scale9Width":0}},{"classname":"ImageView","name":null,"children":[],"options":{"__type":"ComGUIImageViewSurrogate:#EditorCommon.JsonModel.Component.GUI","classname":"ImageView","name":"7","ZOrder":0,"actiontag":304,"classType":"ImageView","colorB":0,"colorG":0,"colorR":255,"flipX":false,"flipY":false,"height":28,"opacity":255,"rotation":0,"scaleX":1,"scaleY":1,"tag":148,"touchAble":false,"useMergedTexture":false,"visible":true,"width":28,"x":42,"xProportion":0.3,"y":42,"yProportion":0.5,"capInsetsHeight":0,"capInsetsWidth":0,"capInsetsX":0,"capInsetsY":0,"fileName":"equip\/111.png","scale9Enable":false,"scale9Height":0,"scale9Width":0}},{"classname":"ImageView","name":null,"children":[],"options":{"__type":"ComGUIImageViewSurrogate:#EditorCommon.JsonModel.Component.GUI","classname":"ImageView","name":"8","ZOrder":0,"actiontag":305,"classType":"ImageView","colorB":0,"colorG":0,"colorR":255,"flipX":false,"flipY":false,"height":28,"opacity":255,"rotation":0,"scaleX":1,"scaleY":1,"tag":149,"touchAble":false,"useMergedTexture":false,"visible":true,"width":28,"x":70,"xProportion":0.5,"y":42,"yProportion":0.5,"capInsetsHeight":0,"capInsetsWidth":0,"capInsetsX":0,"capInsetsY":0,"fileName":"equip\/111.png","scale9Enable":false,"scale9Height":0,"scale9Width":0}},{"classname":"ImageView","name":null,"children":[],"options":{"__type":"ComGUIImageViewSurrogate:#EditorCommon.JsonModel.Component.GUI","classname":"ImageView","name":"9","ZOrder":0,"actiontag":306,"classType":"ImageView","colorB":0,"colorG":0,"colorR":255,"flipX":false,"flipY":false,"height":28,"opacity":255,"rotation":0,"scaleX":1,"scaleY":1,"tag":150,"touchAble":false,"useMergedTexture":false,"visible":true,"width":28,"x":98,"xProportion":0.7,"y":42,"yProportion":0.5,"capInsetsHeight":0,"capInsetsWidth":0,"capInsetsX":0,"capInsetsY":0,"fileName":"equip\/111.png","scale9Enable":false,"scale9Height":0,"scale9Width":0}},{"classname":"ImageView","name":null,"children":[],"options":{"__type":"ComGUIImageViewSurrogate:#EditorCommon.JsonModel.Component.GUI","classname":"ImageView","name":"10","ZOrder":0,"actiontag":307,"classType":"ImageView","colorB":0,"colorG":0,"colorR":255,"flipX":false,"flipY":false,"height":28,"opacity":255,"rotation":0,"scaleX":1,"scaleY":1,"tag":151,"touchAble":false,"useMergedTexture":false,"visible":true,"width":28,"x":125.7619,"xProportion":0.8982993,"y":42,"yProportion":0.5,"capInsetsHeight":0,"capInsetsWidth":0,"capInsetsX":0,"capInsetsY":0,"fileName":"equip\/111.png","scale9Enable":false,"scale9Height":0,"scale9Width":0}},{"classname":"ImageView","name":null,"children":[],"options":{"__type":"ComGUIImageViewSurrogate:#EditorCommon.JsonModel.Component.GUI","classname":"ImageView","name":"11","ZOrder":0,"actiontag":308,"classType":"ImageView","colorB":0,"colorG":0,"colorR":255,"flipX":false,"flipY":false,"height":28,"opacity":255,"rotation":0,"scaleX":1,"scaleY":1,"tag":152,"touchAble":false,"useMergedTexture":false,"visible":true,"width":28,"x":14,"xProportion":0.1,"y":14,"yProportion":0.166666672,"capInsetsHeight":0,"capInsetsWidth":0,"capInsetsX":0,"capInsetsY":0,"fileName":"equip\/111.png","scale9Enable":false,"scale9Height":0,"scale9Width":0}},{"classname":"ImageView","name":null,"children":[],"options":{"__type":"ComGUIImageViewSurrogate:#EditorCommon.JsonModel.Component.GUI","classname":"ImageView","name":"12","ZOrder":0,"actiontag":309,"classType":"ImageView","colorB":0,"colorG":0,"colorR":255,"flipX":false,"flipY":false,"height":28,"opacity":255,"rotation":0,"scaleX":1,"scaleY":1,"tag":153,"touchAble":false,"useMergedTexture":false,"visible":true,"width":28,"x":42,"xProportion":0.3,"y":14,"yProportion":0.166666672,"capInsetsHeight":0,"capInsetsWidth":0,"capInsetsX":0,"capInsetsY":0,"fileName":"equip\/111.png","scale9Enable":false,"scale9Height":0,"scale9Width":0}},{"classname":"ImageView","name":null,"children":[],"options":{"__type":"ComGUIImageViewSurrogate:#EditorCommon.JsonModel.Component.GUI","classname":"ImageView","name":"13","ZOrder":0,"actiontag":310,"classType":"ImageView","colorB":0,"colorG":0,"colorR":255,"flipX":false,"flipY":false,"height":28,"opacity":255,"rotation":0,"scaleX":1,"scaleY":1,"tag":154,"touchAble":false,"useMergedTexture":false,"visible":true,"width":28,"x":70,"xProportion":0.5,"y":14,"yProportion":0.166666672,"capInsetsHeight":0,"capInsetsWidth":0,"capInsetsX":0,"capInsetsY":0,"fileName":"equip\/111.png","scale9Enable":false,"scale9Height":0,"scale9Width":0}},{"classname":"ImageView","name":null,"children":[],"options":{"__type":"ComGUIImageViewSurrogate:#EditorCommon.JsonModel.Component.GUI","classname":"ImageView","name":"14","ZOrder":0,"actiontag":311,"classType":"ImageView","colorB":0,"colorG":0,"colorR":255,"flipX":false,"flipY":false,"height":28,"opacity":255,"rotation":0,"scaleX":1,"scaleY":1,"tag":155,"touchAble":false,"useMergedTexture":false,"visible":true,"width":28,"x":98,"xProportion":0.7,"y":14,"yProportion":0.166666672,"capInsetsHeight":0,"capInsetsWidth":0,"capInsetsX":0,"capInsetsY":0,"fileName":"equip\/111.png","scale9Enable":false,"scale9Height":0,"scale9Width":0}},{"classname":"ImageView","name":null,"children":[],"options":{"__type":"ComGUIImageViewSurrogate:#EditorCommon.JsonModel.Component.GUI","classname":"ImageView","name":"15","ZOrder":0,"actiontag":312,"classType":"ImageView","colorB":0,"colorG":0,"colorR":255,"flipX":false,"flipY":false,"height":28,"opacity":255,"rotation":0,"scaleX":1,"scaleY":1,"tag":156,"touchAble":false,"useMergedTexture":false,"visible":true,"width":28,"x":125.7619,"xProportion":0.8982993,"y":14,"yProportion":0.166666672,"capInsetsHeight":0,"capInsetsWidth":0,"capInsetsX":0,"capInsetsY":0,"fileName":"equip\/111.png","scale9Enable":false,"scale9Height":0,"scale9Width":0}}],"options":{"__type":"ComGUIPanelSurrogate:#EditorCommon.JsonModel.Component.GUI","classname":"Panel","name":"IX","ZOrder":5,"actiontag":297,"classType":"Panel","colorB":255,"colorG":200,"colorR":150,"flipX":false,"flipY":false,"height":84,"opacity":100,"rotation":0,"scaleX":1,"scaleY":1,"tag":141,"touchAble":false,"useMergedTexture":false,"visible":true,"width":140,"x":170.5263,"xProportion":170.5263,"y":68.05261,"yProportion":68.05261,"backGroundImage":null,"backGroundScale9Enable":false,"capInsetsHeight":0,"capInsetsWidth":0,"capInsetsX":0,"capInsetsY":0,"clipAble":false}},{"classname":"Panel","name":null,"children":[{"classname":"ImageView","name":null,"children":[],"options":{"__type":"ComGUIImageViewSurrogate:#EditorCommon.JsonModel.Component.GUI","classname":"ImageView","name":"1","ZOrder":0,"actiontag":314,"classType":"ImageView","colorB":255,"colorG":255,"colorR":255,"flipX":false,"flipY":false,"height":28,"opacity":255,"rotation":0,"scaleX":1,"scaleY":1,"tag":158,"touchAble":false,"useMergedTexture":false,"visible":true,"width":28,"x":14,"xProportion":0.1,"y":70,"yProportion":0.8333333,"capInsetsHeight":0,"capInsetsWidth":0,"capInsetsX":0,"capInsetsY":0,"fileName":"equip\/111.png","scale9Enable":false,"scale9Height":0,"scale9Width":0}},{"classname":"ImageView","name":null,"children":[],"options":{"__type":"ComGUIImageViewSurrogate:#EditorCommon.JsonModel.Component.GUI","classname":"ImageView","name":"2","ZOrder":0,"actiontag":315,"classType":"ImageView","colorB":255,"colorG":255,"colorR":255,"flipX":false,"flipY":false,"height":28,"opacity":255,"rotation":0,"scaleX":1,"scaleY":1,"tag":159,"touchAble":false,"useMergedTexture":false,"visible":true,"width":28,"x":42,"xProportion":0.3,"y":70,"yProportion":0.8333333,"capInsetsHeight":0,"capInsetsWidth":0,"capInsetsX":0,"capInsetsY":0,"fileName":"equip\/111.png","scale9Enable":false,"scale9Height":0,"scale9Width":0}},{"classname":"ImageView","name":null,"children":[],"options":{"__type":"ComGUIImageViewSurrogate:#EditorCommon.JsonModel.Component.GUI","classname":"ImageView","name":"3","ZOrder":0,"actiontag":316,"classType":"ImageView","colorB":255,"colorG":255,"colorR":255,"flipX":false,"flipY":false,"height":28,"opacity":255,"rotation":0,"scaleX":1,"scaleY":1,"tag":160,"touchAble":false,"useMergedTexture":false,"visible":true,"width":28,"x":70,"xProportion":0.5,"y":70,"yProportion":0.8333333,"capInsetsHeight":0,"capInsetsWidth":0,"capInsetsX":0,"capInsetsY":0,"fileName":"equip\/111.png","scale9Enable":false,"scale9Height":0,"scale9Width":0}},{"classname":"ImageView","name":null,"children":[],"options":{"__type":"ComGUIImageViewSurrogate:#EditorCommon.JsonModel.Component.GUI","classname":"ImageView","name":"4","ZOrder":0,"actiontag":317,"classType":"ImageView","colorB":255,"colorG":255,"colorR":255,"flipX":false,"flipY":false,"height":28,"opacity":255,"rotation":0,"scaleX":1,"scaleY":1,"tag":161,"touchAble":false,"useMergedTexture":false,"visible":true,"width":28,"x":98,"xProportion":0.7,"y":70,"yProportion":0.8333333,"capInsetsHeight":0,"capInsetsWidth":0,"capInsetsX":0,"capInsetsY":0,"fileName":"equip\/111.png","scale9Enable":false,"scale9Height":0,"scale9Width":0}},{"classname":"ImageView","name":null,"children":[],"options":{"__type":"ComGUIImageViewSurrogate:#EditorCommon.JsonModel.Component.GUI","classname":"ImageView","name":"5","ZOrder":0,"actiontag":318,"classType":"ImageView","colorB":255,"colorG":255,"colorR":255,"flipX":false,"flipY":false,"height":28,"opacity":255,"rotation":0,"scaleX":1,"scaleY":1,"tag":162,"touchAble":false,"useMergedTexture":false,"visible":true,"width":28,"x":126,"xProportion":0.9,"y":70,"yProportion":0.8333333,"capInsetsHeight":0,"capInsetsWidth":0,"capInsetsX":0,"capInsetsY":0,"fileName":"equip\/111.png","scale9Enable":false,"scale9Height":0,"scale9Width":0}},{"classname":"ImageView","name":null,"children":[],"options":{"__type":"ComGUIImageViewSurrogate:#EditorCommon.JsonModel.Component.GUI","classname":"ImageView","name":"6","ZOrder":0,"actiontag":319,"classType":"ImageView","colorB":255,"colorG":255,"colorR":255,"flipX":false,"flipY":false,"height":28,"opacity":255,"rotation":0,"scaleX":1,"scaleY":1,"tag":163,"touchAble":false,"useMergedTexture":false,"visible":true,"width":28,"x":14,"xProportion":0.1,"y":42,"yProportion":0.5,"capInsetsHeight":0,"capInsetsWidth":0,"capInsetsX":0,"capInsetsY":0,"fileName":"equip\/111.png","scale9Enable":false,"scale9Height":0,"scale9Width":0}},{"classname":"ImageView","name":null,"children":[],"options":{"__type":"ComGUIImageViewSurrogate:#EditorCommon.JsonModel.Component.GUI","classname":"ImageView","name":"7","ZOrder":0,"actiontag":320,"classType":"ImageView","colorB":255,"colorG":255,"colorR":255,"flipX":false,"flipY":false,"height":28,"opacity":255,"rotation":0,"scaleX":1,"scaleY":1,"tag":164,"touchAble":false,"useMergedTexture":false,"visible":true,"width":28,"x":42,"xProportion":0.3,"y":42,"yProportion":0.5,"capInsetsHeight":0,"capInsetsWidth":0,"capInsetsX":0,"capInsetsY":0,"fileName":"equip\/111.png","scale9Enable":false,"scale9Height":0,"scale9Width":0}},{"classname":"ImageView","name":null,"children":[],"options":{"__type":"ComGUIImageViewSurrogate:#EditorCommon.JsonModel.Component.GUI","classname":"ImageView","name":"8","ZOrder":0,"actiontag":321,"classType":"ImageView","colorB":255,"colorG":255,"colorR":255,"flipX":false,"flipY":false,"height":28,"opacity":255,"rotation":0,"scaleX":1,"scaleY":1,"tag":165,"touchAble":false,"useMergedTexture":false,"visible":true,"width":28,"x":70,"xProportion":0.5,"y":42,"yProportion":0.5,"capInsetsHeight":0,"capInsetsWidth":0,"capInsetsX":0,"capInsetsY":0,"fileName":"equip\/111.png","scale9Enable":false,"scale9Height":0,"scale9Width":0}},{"classname":"ImageView","name":null,"children":[],"options":{"__type":"ComGUIImageViewSurrogate:#EditorCommon.JsonModel.Component.GUI","classname":"ImageView","name":"9","ZOrder":0,"actiontag":322,"classType":"ImageView","colorB":255,"colorG":255,"colorR":255,"flipX":false,"flipY":false,"height":28,"opacity":255,"rotation":0,"scaleX":1,"scaleY":1,"tag":166,"touchAble":false,"useMergedTexture":false,"visible":true,"width":28,"x":98,"xProportion":0.7,"y":42,"yProportion":0.5,"capInsetsHeight":0,"capInsetsWidth":0,"capInsetsX":0,"capInsetsY":0,"fileName":"equip\/111.png","scale9Enable":false,"scale9Height":0,"scale9Width":0}},{"classname":"ImageView","name":null,"children":[],"options":{"__type":"ComGUIImageViewSurrogate:#EditorCommon.JsonModel.Component.GUI","classname":"ImageView","name":"10","ZOrder":0,"actiontag":323,"classType":"ImageView","colorB":255,"colorG":255,"colorR":255,"flipX":false,"flipY":false,"height":28,"opacity":255,"rotation":0,"scaleX":1,"scaleY":1,"tag":167,"touchAble":false,"useMergedTexture":false,"visible":true,"width":28,"x":126,"xProportion":0.9,"y":41.6,"yProportion":0.495238066,"capInsetsHeight":0,"capInsetsWidth":0,"capInsetsX":0,"capInsetsY":0,"fileName":"equip\/111.png","scale9Enable":false,"scale9Height":0,"scale9Width":0}},{"classname":"ImageView","name":null,"children":[],"options":{"__type":"ComGUIImageViewSurrogate:#EditorCommon.JsonModel.Component.GUI","classname":"ImageView","name":"11","ZOrder":0,"actiontag":324,"classType":"ImageView","colorB":255,"colorG":255,"colorR":255,"flipX":false,"flipY":false,"height":28,"opacity":255,"rotation":0,"scaleX":1,"scaleY":1,"tag":168,"touchAble":false,"useMergedTexture":false,"visible":true,"width":28,"x":14,"xProportion":0.1,"y":14,"yProportion":0.166666672,"capInsetsHeight":0,"capInsetsWidth":0,"capInsetsX":0,"capInsetsY":0,"fileName":"equip\/111.png","scale9Enable":false,"scale9Height":0,"scale9Width":0}},{"classname":"ImageView","name":null,"children":[],"options":{"__type":"ComGUIImageViewSurrogate:#EditorCommon.JsonModel.Component.GUI","classname":"ImageView","name":"12","ZOrder":0,"actiontag":325,"classType":"ImageView","colorB":255,"colorG":255,"colorR":255,"flipX":false,"flipY":false,"height":28,"opacity":255,"rotation":0,"scaleX":1,"scaleY":1,"tag":169,"touchAble":false,"useMergedTexture":false,"visible":true,"width":28,"x":42,"xProportion":0.3,"y":14,"yProportion":0.166666672,"capInsetsHeight":0,"capInsetsWidth":0,"capInsetsX":0,"capInsetsY":0,"fileName":"equip\/111.png","scale9Enable":false,"scale9Height":0,"scale9Width":0}},{"classname":"ImageView","name":null,"children":[],"options":{"__type":"ComGUIImageViewSurrogate:#EditorCommon.JsonModel.Component.GUI","classname":"ImageView","name":"13","ZOrder":0,"actiontag":326,"classType":"ImageView","colorB":255,"colorG":255,"colorR":255,"flipX":false,"flipY":false,"height":28,"opacity":255,"rotation":0,"scaleX":1,"scaleY":1,"tag":170,"touchAble":false,"useMergedTexture":false,"visible":true,"width":28,"x":70,"xProportion":0.5,"y":14,"yProportion":0.166666672,"capInsetsHeight":0,"capInsetsWidth":0,"capInsetsX":0,"capInsetsY":0,"fileName":"equip\/111.png","scale9Enable":false,"scale9Height":0,"scale9Width":0}},{"classname":"ImageView","name":null,"children":[],"options":{"__type":"ComGUIImageViewSurrogate:#EditorCommon.JsonModel.Component.GUI","classname":"ImageView","name":"14","ZOrder":0,"actiontag":327,"classType":"ImageView","colorB":255,"colorG":255,"colorR":255,"flipX":false,"flipY":false,"height":28,"opacity":255,"rotation":0,"scaleX":1,"scaleY":1,"tag":171,"touchAble":false,"useMergedTexture":false,"visible":true,"width":28,"x":98,"xProportion":0.7,"y":14,"yProportion":0.166666672,"capInsetsHeight":0,"capInsetsWidth":0,"capInsetsX":0,"capInsetsY":0,"fileName":"equip\/111.png","scale9Enable":false,"scale9Height":0,"scale9Width":0}},{"classname":"ImageView","name":null,"children":[],"options":{"__type":"ComGUIImageViewSurrogate:#EditorCommon.JsonModel.Component.GUI","classname":"ImageView","name":"15","ZOrder":0,"actiontag":328,"classType":"ImageView","colorB":255,"colorG":255,"colorR":255,"flipX":false,"flipY":false,"height":28,"opacity":255,"rotation":0,"scaleX":1,"scaleY":1,"tag":172,"touchAble":false,"useMergedTexture":false,"visible":true,"width":28,"x":126,"xProportion":0.9,"y":14,"yProportion":0.166666672,"capInsetsHeight":0,"capInsetsWidth":0,"capInsetsX":0,"capInsetsY":0,"fileName":"equip\/111.png","scale9Enable":false,"scale9Height":0,"scale9Width":0}}],"options":{"__type":"ComGUIPanelSurrogate:#EditorCommon.JsonModel.Component.GUI","classname":"Panel","name":"IIX","ZOrder":4,"actiontag":313,"classType":"Panel","colorB":255,"colorG":200,"colorR":150,"flipX":false,"flipY":false,"height":84,"opacity":100,"rotation":0,"scaleX":1,"scaleY":1,"tag":157,"touchAble":false,"useMergedTexture":false,"visible":true,"width":140,"x":184.894714,"xProportion":184.894714,"y":54.3683777,"yProportion":54.3683777,"backGroundImage":null,"backGroundScale9Enable":false,"capInsetsHeight":0,"capInsetsWidth":0,"capInsetsX":0,"capInsetsY":0,"clipAble":false}},{"classname":"Panel","name":null,"children":[{"classname":"ImageView","name":null,"children":[],"options":{"__type":"ComGUIImageViewSurrogate:#EditorCommon.JsonModel.Component.GUI","classname":"ImageView","name":"1","ZOrder":0,"actiontag":330,"classType":"ImageView","colorB":240,"colorG":176,"colorR":0,"flipX":false,"flipY":false,"height":28,"opacity":255,"rotation":0,"scaleX":1,"scaleY":1,"tag":174,"touchAble":false,"useMergedTexture":false,"visible":true,"width":28,"x":14.2368422,"xProportion":0.10169173,"y":70,"yProportion":0.8333333,"capInsetsHeight":0,"capInsetsWidth":0,"capInsetsX":0,"capInsetsY":0,"fileName":"equip\/111.png","scale9Enable":false,"scale9Height":0,"scale9Width":0}},{"classname":"ImageView","name":null,"children":[],"options":{"__type":"ComGUIImageViewSurrogate:#EditorCommon.JsonModel.Component.GUI","classname":"ImageView","name":"2","ZOrder":0,"actiontag":331,"classType":"ImageView","colorB":240,"colorG":176,"colorR":0,"flipX":false,"flipY":false,"height":28,"opacity":255,"rotation":0,"scaleX":1,"scaleY":1,"tag":175,"touchAble":false,"useMergedTexture":false,"visible":true,"width":28,"x":42,"xProportion":0.3,"y":70,"yProportion":0.8333333,"capInsetsHeight":0,"capInsetsWidth":0,"capInsetsX":0,"capInsetsY":0,"fileName":"equip\/111.png","scale9Enable":false,"scale9Height":0,"scale9Width":0}},{"classname":"ImageView","name":null,"children":[],"options":{"__type":"ComGUIImageViewSurrogate:#EditorCommon.JsonModel.Component.GUI","classname":"ImageView","name":"3","ZOrder":0,"actiontag":332,"classType":"ImageView","colorB":240,"colorG":176,"colorR":0,"flipX":false,"flipY":false,"height":28,"opacity":255,"rotation":0,"scaleX":1,"scaleY":1,"tag":176,"touchAble":false,"useMergedTexture":false,"visible":true,"width":28,"x":70,"xProportion":0.5,"y":70,"yProportion":0.8333333,"capInsetsHeight":0,"capInsetsWidth":0,"capInsetsX":0,"capInsetsY":0,"fileName":"equip\/111.png","scale9Enable":false,"scale9Height":0,"scale9Width":0}},{"classname":"ImageView","name":null,"children":[],"options":{"__type":"ComGUIImageViewSurrogate:#EditorCommon.JsonModel.Component.GUI","classname":"ImageView","name":"4","ZOrder":0,"actiontag":333,"classType":"ImageView","colorB":240,"colorG":176,"colorR":0,"flipX":false,"flipY":false,"height":28,"opacity":255,"rotation":0,"scaleX":1,"scaleY":1,"tag":177,"touchAble":false,"useMergedTexture":false,"visible":true,"width":28,"x":98,"xProportion":0.7,"y":70,"yProportion":0.8333333,"capInsetsHeight":0,"capInsetsWidth":0,"capInsetsX":0,"capInsetsY":0,"fileName":"equip\/111.png","scale9Enable":false,"scale9Height":0,"scale9Width":0}},{"classname":"ImageView","name":null,"children":[],"options":{"__type":"ComGUIImageViewSurrogate:#EditorCommon.JsonModel.Component.GUI","classname":"ImageView","name":"5","ZOrder":0,"actiontag":334,"classType":"ImageView","colorB":240,"colorG":176,"colorR":0,"flipX":false,"flipY":false,"height":28,"opacity":255,"rotation":0,"scaleX":1,"scaleY":1,"tag":178,"touchAble":false,"useMergedTexture":false,"visible":true,"width":28,"x":126,"xProportion":0.9,"y":70,"yProportion":0.8333333,"capInsetsHeight":0,"capInsetsWidth":0,"capInsetsX":0,"capInsetsY":0,"fileName":"equip\/111.png","scale9Enable":false,"scale9Height":0,"scale9Width":0}},{"classname":"ImageView","name":null,"children":[],"options":{"__type":"ComGUIImageViewSurrogate:#EditorCommon.JsonModel.Component.GUI","classname":"ImageView","name":"6","ZOrder":0,"actiontag":335,"classType":"ImageView","colorB":240,"colorG":176,"colorR":0,"flipX":false,"flipY":false,"height":28,"opacity":255,"rotation":0,"scaleX":1,"scaleY":1,"tag":179,"touchAble":false,"useMergedTexture":false,"visible":true,"width":28,"x":14.2368422,"xProportion":0.10169173,"y":42,"yProportion":0.5,"capInsetsHeight":0,"capInsetsWidth":0,"capInsetsX":0,"capInsetsY":0,"fileName":"equip\/111.png","scale9Enable":false,"scale9Height":0,"scale9Width":0}},{"classname":"ImageView","name":null,"children":[],"options":{"__type":"ComGUIImageViewSurrogate:#EditorCommon.JsonModel.Component.GUI","classname":"ImageView","name":"7","ZOrder":0,"actiontag":336,"classType":"ImageView","colorB":240,"colorG":176,"colorR":0,"flipX":false,"flipY":false,"height":28,"opacity":255,"rotation":0,"scaleX":1,"scaleY":1,"tag":180,"touchAble":false,"useMergedTexture":false,"visible":true,"width":28,"x":42,"xProportion":0.3,"y":42,"yProportion":0.5,"capInsetsHeight":0,"capInsetsWidth":0,"capInsetsX":0,"capInsetsY":0,"fileName":"equip\/111.png","scale9Enable":false,"scale9Height":0,"scale9Width":0}},{"classname":"ImageView","name":null,"children":[],"options":{"__type":"ComGUIImageViewSurrogate:#EditorCommon.JsonModel.Component.GUI","classname":"ImageView","name":"8","ZOrder":0,"actiontag":337,"classType":"ImageView","colorB":240,"colorG":176,"colorR":0,"flipX":false,"flipY":false,"height":28,"opacity":255,"rotation":0,"scaleX":1,"scaleY":1,"tag":181,"touchAble":false,"useMergedTexture":false,"visible":true,"width":28,"x":70,"xProportion":0.5,"y":42,"yProportion":0.5,"capInsetsHeight":0,"capInsetsWidth":0,"capInsetsX":0,"capInsetsY":0,"fileName":"equip\/111.png","scale9Enable":false,"scale9Height":0,"scale9Width":0}},{"classname":"ImageView","name":null,"children":[],"options":{"__type":"ComGUIImageViewSurrogate:#EditorCommon.JsonModel.Component.GUI","classname":"ImageView","name":"9","ZOrder":0,"actiontag":338,"classType":"ImageView","colorB":240,"colorG":176,"colorR":0,"flipX":false,"flipY":false,"height":28,"opacity":255,"rotation":0,"scaleX":1,"scaleY":1,"tag":182,"touchAble":false,"useMergedTexture":false,"visible":true,"width":28,"x":98,"xProportion":0.7,"y":42,"yProportion":0.5,"capInsetsHeight":0,"capInsetsWidth":0,"capInsetsX":0,"capInsetsY":0,"fileName":"equip\/111.png","scale9Enable":false,"scale9Height":0,"scale9Width":0}},{"classname":"ImageView","name":null,"children":[],"options":{"__type":"ComGUIImageViewSurrogate:#EditorCommon.JsonModel.Component.GUI","classname":"ImageView","name":"10","ZOrder":0,"actiontag":339,"classType":"ImageView","colorB":240,"colorG":176,"colorR":0,"flipX":false,"flipY":false,"height":28,"opacity":255,"rotation":0,"scaleX":1,"scaleY":1,"tag":183,"touchAble":false,"useMergedTexture":false,"visible":true,"width":28,"x":126,"xProportion":0.9,"y":42,"yProportion":0.5,"capInsetsHeight":0,"capInsetsWidth":0,"capInsetsX":0,"capInsetsY":0,"fileName":"equip\/111.png","scale9Enable":false,"scale9Height":0,"scale9Width":0}},{"classname":"ImageView","name":null,"children":[],"options":{"__type":"ComGUIImageViewSurrogate:#EditorCommon.JsonModel.Component.GUI","classname":"ImageView","name":"11","ZOrder":0,"actiontag":340,"classType":"ImageView","colorB":240,"colorG":176,"colorR":0,"flipX":false,"flipY":false,"height":28,"opacity":255,"rotation":0,"scaleX":1,"scaleY":1,"tag":184,"touchAble":false,"useMergedTexture":false,"visible":true,"width":28,"x":14.2368422,"xProportion":0.10169173,"y":14,"yProportion":0.166666672,"capInsetsHeight":0,"capInsetsWidth":0,"capInsetsX":0,"capInsetsY":0,"fileName":"equip\/111.png","scale9Enable":false,"scale9Height":0,"scale9Width":0}},{"classname":"ImageView","name":null,"children":[],"options":{"__type":"ComGUIImageViewSurrogate:#EditorCommon.JsonModel.Component.GUI","classname":"ImageView","name":"12","ZOrder":0,"actiontag":341,"classType":"ImageView","colorB":240,"colorG":176,"colorR":0,"flipX":false,"flipY":false,"height":28,"opacity":255,"rotation":0,"scaleX":1,"scaleY":1,"tag":185,"touchAble":false,"useMergedTexture":false,"visible":true,"width":28,"x":42,"xProportion":0.3,"y":14,"yProportion":0.166666672,"capInsetsHeight":0,"capInsetsWidth":0,"capInsetsX":0,"capInsetsY":0,"fileName":"equip\/111.png","scale9Enable":false,"scale9Height":0,"scale9Width":0}},{"classname":"ImageView","name":null,"children":[],"options":{"__type":"ComGUIImageViewSurrogate:#EditorCommon.JsonModel.Component.GUI","classname":"ImageView","name":"13","ZOrder":0,"actiontag":342,"classType":"ImageView","colorB":240,"colorG":176,"colorR":0,"flipX":false,"flipY":false,"height":28,"opacity":255,"rotation":0,"scaleX":1,"scaleY":1,"tag":186,"touchAble":false,"useMergedTexture":false,"visible":true,"width":28,"x":70,"xProportion":0.5,"y":14,"yProportion":0.166666672,"capInsetsHeight":0,"capInsetsWidth":0,"capInsetsX":0,"capInsetsY":0,"fileName":"equip\/111.png","scale9Enable":false,"scale9Height":0,"scale9Width":0}},{"classname":"ImageView","name":null,"children":[],"options":{"__type":"ComGUIImageViewSurrogate:#EditorCommon.JsonModel.Component.GUI","classname":"ImageView","name":"14","ZOrder":0,"actiontag":343,"classType":"ImageView","colorB":240,"colorG":176,"colorR":0,"flipX":false,"flipY":false,"height":28,"opacity":255,"rotation":0,"scaleX":1,"scaleY":1,"tag":187,"touchAble":false,"useMergedTexture":false,"visible":true,"width":28,"x":98,"xProportion":0.7,"y":14,"yProportion":0.166666672,"capInsetsHeight":0,"capInsetsWidth":0,"capInsetsX":0,"capInsetsY":0,"fileName":"equip\/111.png","scale9Enable":false,"scale9Height":0,"scale9Width":0}},{"classname":"ImageView","name":null,"children":[],"options":{"__type":"ComGUIImageViewSurrogate:#EditorCommon.JsonModel.Component.GUI","classname":"ImageView","name":"15","ZOrder":0,"actiontag":344,"classType":"ImageView","colorB":240,"colorG":176,"colorR":0,"flipX":false,"flipY":false,"height":28,"opacity":255,"rotation":0,"scaleX":1,"scaleY":1,"tag":188,"touchAble":false,"useMergedTexture":false,"visible":true,"width":28,"x":126,"xProportion":0.9,"y":14,"yProportion":0.166666672,"capInsetsHeight":0,"capInsetsWidth":0,"capInsetsX":0,"capInsetsY":0,"fileName":"equip\/111.png","scale9Enable":false,"scale9Height":0,"scale9Width":0}}],"options":{"__type":"ComGUIPanelSurrogate:#EditorCommon.JsonModel.Component.GUI","classname":"Panel","name":"IIIX","ZOrder":3,"actiontag":329,"classType":"Panel","colorB":255,"colorG":200,"colorR":150,"flipX":false,"flipY":false,"height":84,"opacity":100,"rotation":0,"scaleX":1,"scaleY":1,"tag":173,"touchAble":false,"useMergedTexture":false,"visible":true,"width":140,"x":200.1579,"xProportion":200.1579,"y":40.0526123,"yProportion":40.0526123,"backGroundImage":null,"backGroundScale9Enable":false,"capInsetsHeight":0,"capInsetsWidth":0,"capInsetsX":0,"capInsetsY":0,"clipAble":false}},{"classname":"Panel","name":null,"children":[{"classname":"ImageView","name":null,"children":[],"options":{"__type":"ComGUIImageViewSurrogate:#EditorCommon.JsonModel.Component.GUI","classname":"ImageView","name":"left","ZOrder":1,"actiontag":346,"classType":"ImageView","colorB":255,"colorG":255,"colorR":255,"flipX":false,"flipY":false,"height":112,"opacity":255,"rotation":0,"scaleX":1,"scaleY":4,"tag":190,"touchAble":true,"useMergedTexture":false,"visible":true,"width":28,"x":13.87145,"xProportion":0.08949323,"y":78.5,"yProportion":0.5304054,"capInsetsHeight":0,"capInsetsWidth":0,"capInsetsX":0,"capInsetsY":0,"fileName":"equip\/14.png","scale9Enable":false,"scale9Height":0,"scale9Width":0}},{"classname":"TextButton","name":null,"children":[],"options":{"__type":"ComGUITextButtonSurrogate:#EditorCommon.JsonModel.Component.GUI","classname":"TextButton","name":"I_Button","ZOrder":1,"actiontag":347,"classType":"TextButton","colorB":255,"colorG":255,"colorR":255,"flipX":false,"flipY":false,"height":24,"opacity":255,"rotation":0,"scaleX":1,"scaleY":1,"tag":191,"touchAble":true,"useMergedTexture":false,"visible":true,"width":33,"x":36.49757,"xProportion":0.2354682,"y":10.4501286,"yProportion":0.07060897,"capInsetsHeight":0,"capInsetsWidth":0,"capInsetsX":0,"capInsetsY":0,"disabled":"equip\/button_green_un2.png","fontName":"宋体","fontSize":10,"fontType":0,"normal":"equip\/button_green_n2.png","pressed":"equip\/button_green_p2.png","scale9Enable":false,"scale9Height":0,"scale9Width":0,"text":"衣服"}},{"classname":"TextButton","name":null,"children":[],"options":{"__type":"ComGUITextButtonSurrogate:#EditorCommon.JsonModel.Component.GUI","classname":"TextButton","name":"II_Button","ZOrder":1,"actiontag":348,"classType":"TextButton","colorB":255,"colorG":255,"colorR":255,"flipX":false,"flipY":false,"height":24,"opacity":255,"rotation":0,"scaleX":1,"scaleY":1,"tag":192,"touchAble":true,"useMergedTexture":false,"visible":true,"width":33,"x":79.8134842,"xProportion":0.5149257,"y":10.4501286,"yProportion":0.07060897,"capInsetsHeight":0,"capInsetsWidth":0,"capInsetsX":0,"capInsetsY":0,"disabled":"equip\/button_green_un2.png","fontName":"宋体","fontSize":10,"fontType":0,"normal":"equip\/button_green_n2.png","pressed":"equip\/button_green_p2.png","scale9Enable":false,"scale9Height":0,"scale9Width":0,"text":"武器"}},{"classname":"TextButton","name":null,"children":[],"options":{"__type":"ComGUITextButtonSurrogate:#EditorCommon.JsonModel.Component.GUI","classname":"TextButton","name":"III_Button","ZOrder":1,"actiontag":349,"classType":"TextButton","colorB":255,"colorG":255,"colorR":255,"flipX":false,"flipY":false,"height":24,"opacity":255,"rotation":0,"scaleX":1,"scaleY":1,"tag":193,"touchAble":true,"useMergedTexture":false,"visible":true,"width":33,"x":123.009651,"xProportion":0.793610632,"y":10.4501286,"yProportion":0.07060897,"capInsetsHeight":0,"capInsetsWidth":0,"capInsetsX":0,"capInsetsY":0,"disabled":"equip\/button_green_un2.png","fontName":"宋体","fontSize":10,"fontType":0,"normal":"equip\/button_green_n2.png","pressed":"equip\/button_green_p2.png","scale9Enable":false,"scale9Height":0,"scale9Width":0,"text":"宠物"}},{"classname":"ImageView","name":null,"children":[],"options":{"__type":"ComGUIImageViewSurrogate:#EditorCommon.JsonModel.Component.GUI","classname":"ImageView","name":"1","ZOrder":2,"actiontag":350,"classType":"ImageView","colorB":255,"colorG":255,"colorR":255,"flipX":false,"flipY":false,"height":28,"opacity":255,"rotation":0,"scaleX":1,"scaleY":1,"tag":194,"touchAble":false,"useMergedTexture":false,"visible":true,"width":28,"x":13.87145,"xProportion":0.08949323,"y":120.5,"yProportion":0.8141892,"capInsetsHeight":0,"capInsetsWidth":0,"capInsetsX":0,"capInsetsY":0,"fileName":"equip\/15.png","scale9Enable":false,"scale9Height":0,"scale9Width":0}},{"classname":"ImageView","name":null,"children":[],"options":{"__type":"ComGUIImageViewSurrogate:#EditorCommon.JsonModel.Component.GUI","classname":"ImageView","name":"2","ZOrder":2,"actiontag":351,"classType":"ImageView","colorB":255,"colorG":255,"colorR":255,"flipX":false,"flipY":false,"height":28,"opacity":255,"rotation":0,"scaleX":1,"scaleY":1,"tag":195,"touchAble":false,"useMergedTexture":false,"visible":true,"width":28,"x":13.87145,"xProportion":0.08949323,"y":78.5,"yProportion":0.5304054,"capInsetsHeight":0,"capInsetsWidth":0,"capInsetsX":0,"capInsetsY":0,"fileName":"equip\/15.png","scale9Enable":false,"scale9Height":0,"scale9Width":0}},{"classname":"ImageView","name":null,"children":[],"options":{"__type":"ComGUIImageViewSurrogate:#EditorCommon.JsonModel.Component.GUI","classname":"ImageView","name":"3","ZOrder":2,"actiontag":352,"classType":"ImageView","colorB":255,"colorG":255,"colorR":255,"flipX":false,"flipY":false,"height":28,"opacity":255,"rotation":0,"scaleX":1,"scaleY":1,"tag":196,"touchAble":false,"useMergedTexture":false,"visible":true,"width":28,"x":13.87145,"xProportion":0.08949323,"y":36.9817924,"yProportion":0.249876976,"capInsetsHeight":0,"capInsetsWidth":0,"capInsetsX":0,"capInsetsY":0,"fileName":"equip\/15.png","scale9Enable":false,"scale9Height":0,"scale9Width":0}},{"classname":"ImageView","name":null,"children":[],"options":{"__type":"ComGUIImageViewSurrogate:#EditorCommon.JsonModel.Component.GUI","classname":"ImageView","name":"4","ZOrder":2,"actiontag":353,"classType":"ImageView","colorB":255,"colorG":255,"colorR":255,"flipX":false,"flipY":false,"height":28,"opacity":255,"rotation":0,"scaleX":1,"scaleY":1,"tag":197,"touchAble":false,"useMergedTexture":false,"visible":true,"width":28,"x":141.9494,"xProportion":0.9158026,"y":120.5,"yProportion":0.8141892,"capInsetsHeight":0,"capInsetsWidth":0,"capInsetsX":0,"capInsetsY":0,"fileName":"equip\/15.png","scale9Enable":false,"scale9Height":0,"scale9Width":0}},{"classname":"ImageView","name":null,"children":[],"options":{"__type":"ComGUIImageViewSurrogate:#EditorCommon.JsonModel.Component.GUI","classname":"ImageView","name":"5","ZOrder":2,"actiontag":354,"classType":"ImageView","colorB":255,"colorG":255,"colorR":255,"flipX":false,"flipY":false,"height":28,"opacity":255,"rotation":0,"scaleX":1,"scaleY":1,"tag":198,"touchAble":false,"useMergedTexture":false,"visible":true,"width":28,"x":141.9494,"xProportion":0.9158026,"y":78.5,"yProportion":0.5304054,"capInsetsHeight":0,"capInsetsWidth":0,"capInsetsX":0,"capInsetsY":0,"fileName":"equip\/15.png","scale9Enable":false,"scale9Height":0,"scale9Width":0}},{"classname":"ImageView","name":null,"children":[],"options":{"__type":"ComGUIImageViewSurrogate:#EditorCommon.JsonModel.Component.GUI","classname":"ImageView","name":"6","ZOrder":2,"actiontag":355,"classType":"ImageView","colorB":255,"colorG":255,"colorR":255,"flipX":false,"flipY":false,"height":28,"opacity":255,"rotation":0,"scaleX":1,"scaleY":1,"tag":199,"touchAble":false,"useMergedTexture":false,"visible":true,"width":28,"x":141.9494,"xProportion":0.9158026,"y":36.9817924,"yProportion":0.249876976,"capInsetsHeight":0,"capInsetsWidth":0,"capInsetsX":0,"capInsetsY":0,"fileName":"equip\/15.png","scale9Enable":false,"scale9Height":0,"scale9Width":0}},{"classname":"ImageView","name":null,"children":[],"options":{"__type":"ComGUIImageViewSurrogate:#EditorCommon.JsonModel.Component.GUI","classname":"ImageView","name":"right","ZOrder":1,"actiontag":356,"classType":"ImageView","colorB":255,"colorG":255,"colorR":255,"flipX":false,"flipY":false,"height":112,"opacity":255,"rotation":0,"scaleX":1,"scaleY":4,"tag":200,"touchAble":true,"useMergedTexture":false,"visible":true,"width":28,"x":141.9494,"xProportion":0.9158026,"y":78.5,"yProportion":0.5304054,"capInsetsHeight":0,"capInsetsWidth":0,"capInsetsX":0,"capInsetsY":0,"fileName":"equip\/14.png","scale9Enable":false,"scale9Height":0,"scale9Width":0}},{"classname":"ImageView","name":null,"children":[],"options":{"__type":"ComGUIImageViewSurrogate:#EditorCommon.JsonModel.Component.GUI","classname":"ImageView","name":"BG","ZOrder":0,"actiontag":357,"classType":"ImageView","colorB":255,"colorG":255,"colorR":255,"flipX":false,"flipY":false,"height":147.84,"opacity":255,"rotation":0,"scaleX":2.43,"scaleY":2.31,"tag":201,"touchAble":false,"useMergedTexture":false,"visible":true,"width":155.52,"x":78,"xProportion":0.5032258,"y":74.71429,"yProportion":0.504826248,"capInsetsHeight":0,"capInsetsWidth":0,"capInsetsX":0,"capInsetsY":0,"fileName":"equip\/13.png","scale9Enable":false,"scale9Height":0,"scale9Width":0}},{"classname":"ImageView","name":null,"children":[],"options":{"__type":"ComGUIImageViewSurrogate:#EditorCommon.JsonModel.Component.GUI","classname":"ImageView","name":"WAL","ZOrder":0,"actiontag":358,"classType":"ImageView","colorB":255,"colorG":255,"colorR":255,"flipX":false,"flipY":false,"height":110,"opacity":255,"rotation":0,"scaleX":1,"scaleY":1,"tag":202,"touchAble":false,"useMergedTexture":false,"visible":true,"width":100,"x":78,"xProportion":0.5032258,"y":77,"yProportion":0.5202703,"capInsetsHeight":0,"capInsetsWidth":0,"capInsetsX":0,"capInsetsY":0,"fileName":"equip\/2.png","scale9Enable":false,"scale9Height":0,"scale9Width":0}}],"options":{"__type":"ComGUIPanelSurrogate:#EditorCommon.JsonModel.Component.GUI","classname":"Panel","name":"UP","ZOrder":0,"actiontag":345,"classType":"Panel","colorB":255,"colorG":200,"colorR":150,"flipX":false,"flipY":false,"height":148,"opacity":100,"rotation":0,"scaleX":1,"scaleY":1,"tag":189,"touchAble":false,"useMergedTexture":false,"visible":true,"width":155,"x":162.122711,"xProportion":162.122711,"y":152.230774,"yProportion":152.230774,"backGroundImage":null,"backGroundScale9Enable":false,"capInsetsHeight":0,"capInsetsWidth":0,"capInsetsX":0,"capInsetsY":0,"clipAble":false}}],"options":{"__type":"ComGUIPanelSurrogate:#EditorCommon.JsonModel.Component.GUI","classname":"Panel","name":"equip_root","ZOrder":0,"actiontag":-1,"classType":"Panel","colorB":255,"colorG":200,"colorR":150,"flipX":false,"flipY":false,"height":0,"opacity":100,"rotation":0,"scaleX":1,"scaleY":1,"tag":266,"touchAble":false,"useMergedTexture":false,"visible":true,"width":0,"x":0,"xProportion":0,"y":0,"yProportion":0,"backGroundImage":null,"backGroundScale9Enable":false,"capInsetsHeight":0,"capInsetsWidth":0,"capInsetsX":0,"capInsetsY":0,"clipAble":false}}}