{
  "classname": "CCNode",
  "name": null,
  "canedit": true,
  "objecttag": -1,
  "rotation": 0,
  "scalex": 1,
  "scaley": 1,
  "visible": 1,
  "x": 0,
  "y": 0,
  "zorder": 1,
  "gameobjects": [
    {
      "__type": "ComGameObjectSurrogate:#EditorCommon.JsonModel",
      "classname": "CCNode",
      "name": "bottom",
      "canedit": false,
      "objecttag": -1,
      "rotation": 0,
      "scalex": 1,
      "scaley": 1,
      "visible": 1,
      "x": 242,
      "y": 160,
      "zorder": 1,
      "gameobjects": [],
      "components": [
        {
          "__type": "ComSpriteSurrogate:#EditorCommon.JsonModel.Component",
          "classname": "CCSprite",
          "name": null,
          "file": "img/startMenuBG.png"
        }
      ]
    },
    {
      "__type": "ComGameObjectSurrogate:#EditorCommon.JsonModel",
      "classname": "CCNode",
      "name": "startMenu",
      "canedit": false,
      "objecttag": -1,
      "rotation": 0,
      "scalex": 1,
      "scaley": 1,
      "visible": 1,
      "x": 0,
      "y": 0,
      "zorder": 4,
      "gameobjects": [],
      "components": [
        {
          "__type": "ComGUIAdapterSurrogate:#EditorCommon.JsonModel.Component",
          "classname": "GUIComponent",
          "name": "GUIComponent",
          "file": "ui/startMenu/startMenu_1.json"
        }
      ]
    },
    {
      "__type": "ComGameObjectSurrogate:#EditorCommon.JsonModel",
      "classname": "CCNode",
      "name": "p_Left",
      "canedit": false,
      "objecttag": -1,
      "rotation": 0,
      "scalex": 1,
      "scaley": 1,
      "visible": 1,
      "x": 185,
      "y": 48.5,
      "zorder": 4,
      "gameobjects": [],
      "components": [
        {
          "__type": "ComParticleSystemSurrogate:#EditorCommon.JsonModel.Component",
          "classname": "CCParticleSystemQuad",
          "name": "CCParticleSystemQuad",
          "file": "particle/qipao02.plist"
        }
      ]
    },
    {
      "__type": "ComGameObjectSurrogate:#EditorCommon.JsonModel",
      "classname": "CCNode",
      "name": "p_right",
      "canedit": false,
      "objecttag": -1,
      "rotation": 0,
      "scalex": 1,
      "scaley": 1,
      "visible": 1,
      "x": 290,
      "y": 48.5,
      "zorder": 4,
      "gameobjects": [],
      "components": [
        {
          "__type": "ComParticleSystemSurrogate:#EditorCommon.JsonModel.Component",
          "classname": "CCParticleSystemQuad",
          "name": "CCParticleSystemQuad",
          "file": "particle/qipao01.plist"
        }
      ]
    },
    {
      "__type": "ComGameObjectSurrogate:#EditorCommon.JsonModel",
      "classname": "CCNode",
      "name": null,
      "canedit": true,
      "objecttag": -1,
      "rotation": 0,
      "scalex": 0.3,
      "scaley": 0.3,
      "visible": 1,
      "x": 443,
      "y": 128.5,
      "zorder": 1,
      "gameobjects": [],
      "components": [
        {
          "__type": "ComArmatureAdapterSurrogate:#EditorCommon.JsonModel.Component",
          "classname": "CCArmature",
          "name": "CCArmature",
          "file": "fishes/blowFish/Blowfish.ExportJson",
          "selectedactionname": null
        }
      ]
    },
    {
      "__type": "ComGameObjectSurrogate:#EditorCommon.JsonModel",
      "classname": "CCNode",
      "name": null,
      "canedit": true,
      "objecttag": -1,
      "rotation": 0,
      "scalex": 0.4,
      "scaley": 0,
      "visible": 1,
      "x": 435,
      "y": 230.5,
      "zorder": 1,
      "gameobjects": [],
      "components": [
        {
          "__type": "ComArmatureAdapterSurrogate:#EditorCommon.JsonModel.Component",
          "classname": "CCArmature",
          "name": "CCArmature",
          "file": "fishes/Butterflyfish/Butterflyfish.ExportJson",
          "selectedactionname": null
        }
      ]
    }
  ],
  "CanvasSize": {
    "_height": 320,
    "_width": 480
  },
  "components": [
    {
      "__type": "ComSceneSurrogate:#EditorCommon.JsonModel.Component",
      "classname": "CCScene",
      "name": "CCScene",
      "scenename": "FishJoy2"
    },
    {
      "__type": "ComSimpleAudioSurrogate:#EditorCommon.JsonModel.Component",
      "classname": "CCBackgroundAudio",
      "name": "CCBackgroundAudio",
      "file": null,
      "loop": 1
    }
  ]
}