{"classname":null,"name":null,"animation":{"classname":null,"name":"AnimationManager","actionlist":[{"classname":null,"name":"Animation1","actionnodelist":[{"classname":null,"name":"ImageView","ActionTag":36,"actionframelist":[{"classname":null,"name":null,"colorb":255,"colorg":255,"colorr":255,"frameid":0,"opacity":255,"positionx":239,"positiony":227,"rotation":0,"scalex":1,"scaley":1,"starttime":0,"visible":false},{"classname":null,"name":null,"colorb":255,"colorg":255,"colorr":255,"frameid":5,"opacity":255,"positionx":239,"positiony":227,"rotation":-3.456681,"scalex":1,"scaley":1,"starttime":1.83154978E-38,"visible":false},{"classname":null,"name":null,"colorb":255,"colorg":255,"colorr":255,"frameid":15,"opacity":255,"positionx":239,"positiony":227,"rotation":3.02284622,"scalex":1,"scaley":1,"starttime":0,"visible":false},{"classname":null,"name":null,"colorb":255,"colorg":255,"colorr":255,"frameid":20,"opacity":255,"positionx":239,"positiony":227,"rotation":0,"scalex":1,"scaley":1,"starttime":0,"visible":false}]}],"loop":true,"unittime":0.1}]},"designHeight":320,"designWidth":480,"textures":[],"version":1,"widgetTree":{"classname":"Panel","name":null,"children":[{"classname":"ImageView","name":null,"children":[],"options":{"__type":"ComGUIImageViewSurrogate:#EditorCommon.JsonModel.Component.GUI","classname":"ImageView","name":"ImageView","ZOrder":0,"actiontag":36,"classType":"ImageView","colorB":255,"colorG":255,"colorR":255,"flipX":false,"flipY":false,"height":162,"opacity":255,"rotation":0,"scaleX":1,"scaleY":1,"tag":18,"touchAble":false,"useMergedTexture":false,"visible":true,"width":285,"x":239,"xProportion":0.497916669,"y":227,"yProportion":0.709375,"capInsetsHeight":54,"capInsetsWidth":95,"capInsetsX":95,"capInsetsY":54,"fileName":"Fish_UI\/startMenuTitile.png","scale9Enable":false,"scale9Height":162,"scale9Width":285}},{"classname":"Panel","name":null,"children":[{"classname":"Button","name":null,"children":[],"options":{"__type":"ComGUIButtonSurrogate:#EditorCommon.JsonModel.Component.GUI","classname":"Button","name":"Button","ZOrder":0,"actiontag":25,"classType":"Button","colorB":255,"colorG":255,"colorR":255,"flipX":false,"flipY":false,"height":62,"opacity":255,"rotation":0,"scaleX":0.5,"scaleY":0.5,"tag":7,"touchAble":true,"useMergedTexture":false,"visible":true,"width":139,"x":70,"xProportion":0.50359714,"y":30,"yProportion":0.483870953,"capInsetsHeight":20.666666,"capInsetsWidth":46.3333321,"capInsetsX":46.3333321,"capInsetsY":20.666666,"disabled":"Fish_UI\/starMenuButton02.png","normal":"Fish_UI\/starMenuButton01.png","pressed":"Fish_UI\/starMenuButton02.png","scale9Enable":false,"scale9Height":62,"scale9Width":139}}],"options":{"__type":"ComGUIPanelSurrogate:#EditorCommon.JsonModel.Component.GUI","classname":"Panel","name":"Panel","ZOrder":0,"actiontag":34,"classType":"Panel","colorB":255,"colorG":200,"colorR":150,"flipX":false,"flipY":false,"height":62,"opacity":100,"rotation":0,"scaleX":1,"scaleY":1,"tag":16,"touchAble":false,"useMergedTexture":false,"visible":true,"width":139,"x":170,"xProportion":0.354166657,"y":43,"yProportion":0.134375,"backGroundImage":null,"backGroundScale9Enable":false,"capInsetsHeight":0,"capInsetsWidth":0,"capInsetsX":0,"capInsetsY":0,"clipAble":false}}],"options":{"__type":"ComGUIPanelSurrogate:#EditorCommon.JsonModel.Component.GUI","classname":"Panel","name":"root","ZOrder":0,"actiontag":-1,"classType":"Panel","colorB":255,"colorG":200,"colorR":150,"flipX":false,"flipY":false,"height":320,"opacity":100,"rotation":0,"scaleX":1,"scaleY":1,"tag":1,"touchAble":false,"useMergedTexture":false,"visible":true,"width":480,"x":0,"xProportion":0,"y":0,"yProportion":0,"backGroundImage":null,"backGroundScale9Enable":false,"capInsetsHeight":0,"capInsetsWidth":0,"capInsetsX":0,"capInsetsY":0,"clipAble":false}}}